,Compound,Date,Negative,Neutral,Positive,Tweets Ago,User,text
0,0.8313,Wed Jan 03 14:00:15 +0000 2018,0.698,0.0,0.302,1,@BBC,"From mystical tors to magnificent structures, here are some of the most remarkable sacred sites in the UK. ?… https://t.co/G65X5xs8XA"
1,0.0,Wed Jan 03 13:41:47 +0000 2018,1.0,0.0,0.0,1,@BBC,"RT @bbcthree: Beyonce, Eminem and The Weeknd to headline this year's Coachella https://t.co/Id53YSs8hi https://t.co/FXriYoTKpi"
2,0.0,Wed Jan 03 13:30:04 +0000 2018,1.0,0.0,0.0,1,@BBC,"Limit children's snacks to 100 calories, health body says. ?? https://t.co/KTW5vkMoj0 https://t.co/t6xvL4aUUJ"
3,0.0,Wed Jan 03 13:13:52 +0000 2018,1.0,0.0,0.0,1,@BBC,RT @BBCWalesNews: ? #StormEleanor has been battering the Welsh coast - watch its winds and waves here: https://t.co/Uz65gM3Hgr
4,-0.6124,Wed Jan 03 13:13:20 +0000 2018,0.722,0.278,0.0,1,@BBC,RT @bbcthree: It's now illegal to pay women less than men in Iceland https://t.co/nLFkPwoeHF https://t.co/GE6nuJQZEE
5,0.4019,Wed Jan 03 13:13:11 +0000 2018,0.886,0.0,0.114,1,@BBC,"RT @CBeebiesHQ: Look who's here ?

Keep your ‘Nocturnal Animals' entertained with Isla Fisher's Bedtime Story ??

She reads ‘A Big Day for…"
6,0.0,Wed Jan 03 13:02:51 +0000 2018,1.0,0.0,0.0,1,@BBC,"RT @bbcdoctorwho: When you realise it's been nine years since Matt Smith was announced as the Eleventh Doctor…
#WhereHasTheTimeGone #Doctor…"
7,0.0,Wed Jan 03 13:00:10 +0000 2018,1.0,0.0,0.0,1,@BBC,A woman who thought for years she had Crohn's disease was found to have pieces of a sauce sachet in her intestine.… https://t.co/fh740RQ6W6
8,0.0,Wed Jan 03 12:30:06 +0000 2018,1.0,0.0,0.0,1,@BBC,Think it's cold where you are? Find out how people in the Russian far east cope with living in -50 Celsius. ?? https://t.co/YIgVe77Zey
9,0.6908,Wed Jan 03 12:00:06 +0000 2018,0.695,0.0,0.305,1,@BBC,"'Be the biggest, baddest, boldest, booming-est.' ~ @NickiMinaj

Heartwarming NY resolutions from musicians to inspi… https://t.co/RoZYPMjSEW"
10,0.0,Wed Jan 03 11:15:06 +0000 2018,1.0,0.0,0.0,1,@BBC,Thousands of homes are without power and travel has been disrupted after #StormEleanor swept across the UK.… https://t.co/wpGfGFCiJ0
11,0.0,Wed Jan 03 09:00:05 +0000 2018,1.0,0.0,0.0,1,@BBC,"From travelling on a shoestring to upping your networking game, here are five life hacks to make 2018 count. ?… https://t.co/2b05jzGHCS"
12,0.128,Wed Jan 03 08:44:51 +0000 2018,0.831,0.076,0.093,1,@BBC,"RT @BBCNews: Victims of people trafficking are in every town and city in the UK.

What is the true scale of the global trade in humans? #Mc…"
13,-0.5362,Wed Jan 03 08:44:42 +0000 2018,0.802,0.198,0.0,1,@BBC,RT @BBCTwo: Settle a bet: who's worse? iPhone users or Android users? @RomeshRanga ?? #IrrationalLive https://t.co/5oZ4hZA1b1
14,0.0,Wed Jan 03 08:44:35 +0000 2018,1.0,0.0,0.0,1,@BBC,"RT @BBCEarth: Some animals can survive being frozen 
https://t.co/LCRlBx2MMc"
15,0.0,Wed Jan 03 08:43:40 +0000 2018,1.0,0.0,0.0,1,@BBC,"RT @BBCNewsround: Why do storms have names, and who decides what to call them? ??? Check out our handy guide here... https://t.co/5k2rhNBnb…"
16,0.0,Wed Jan 03 08:41:47 +0000 2018,1.0,0.0,0.0,1,@BBC,"RT @BBCNews: Each of us streamed 1,036 songs last year (and most of them were by Ed Sheeran) https://t.co/5b0Tj7FXi4"
17,0.5106,Wed Jan 03 08:40:01 +0000 2018,0.82,0.0,0.18,1,@BBC,Can you cook a nutritious meal for £1? This free cookery class is teaching people how. ? https://t.co/6vmreDDxHH
18,0.296,Wed Jan 03 08:38:03 +0000 2018,0.896,0.0,0.104,1,@BBC,"RT @bbcpress: ? HM The Queen shares her memories of her 1953 Coronation in a new documentary film @BBCOne - https://t.co/Cm85Dr7Lu1
Part of…"
19,-0.886,Wed Jan 03 08:20:03 +0000 2018,0.598,0.402,0.0,1,@BBC,"Kill the pedestrian or kill the passenger? ?

The moral dilemmas facing a future with driverless cars.… https://t.co/IChbzGmqeJ"
20,0.0,Wed Jan 03 08:00:04 +0000 2018,1.0,0.0,0.0,1,@BBC,"The purple sandpipers of Portland are masters of speed, judgement and agility. https://t.co/QPDpRRLuar"
21,0.3612,Wed Jan 03 07:37:04 +0000 2018,0.8,0.0,0.2,1,@BBC,What it's like living in California's mountain lion country. ? https://t.co/w4SDSmPRq3 https://t.co/3NW422933s
22,0.296,Tue Jan 02 23:03:13 +0000 2018,0.845,0.0,0.155,1,@BBC,"RT @BBCRadio4: The roots of a national treasure.
David Attenborough - the early years...
https://t.co/wUuyPxaADs"
23,0.0,Tue Jan 02 23:02:58 +0000 2018,1.0,0.0,0.0,1,@BBC,RT @BBCOne: Make a date with #McMafia. Continues Sundays at 9pm. https://t.co/S9P4xpHGF1
24,-0.4767,Tue Jan 02 21:30:03 +0000 2018,0.829,0.171,0.0,1,@BBC,Everything we thought we knew about the T-Rex is wrong. Including what it sounded like... https://t.co/7T9eLj3PUr
25,-0.6808,Tue Jan 02 19:00:10 +0000 2018,0.678,0.258,0.064,1,@BBC,"More than 300 actresses, writers &amp; directors have launched a project to fight sexual harassment in the film industr… https://t.co/cdKu2Arm9J"
26,0.5994,Tue Jan 02 18:34:05 +0000 2018,0.794,0.0,0.206,1,@BBC,"Tonight, @ChrisGPackham investigates planet Earth's super predator. The Real T Rex with Chris Packham. 9pm on… https://t.co/vzBTCF8Dqr"
27,0.4939,Tue Jan 02 18:00:11 +0000 2018,0.856,0.0,0.144,1,@BBC,"James Watkins a, co-writer and director of @BBCOne's #McMafia, talks about what inspired the show &amp; the process of… https://t.co/6p3E9VnnUq"
28,0.0,Tue Jan 02 17:30:04 +0000 2018,1.0,0.0,0.0,1,@BBC,Meet the woman who says she's made a million teaching men how to get dates. ? https://t.co/oQhuu0sJXf
29,0.6705,Tue Jan 02 17:00:10 +0000 2018,0.744,0.0,0.256,1,@BBC,?Scientists are looking to the electric eel for inspiration to create a biocompatible power source which could work… https://t.co/yILEJp794i
30,0.3818,Tue Jan 02 16:44:40 +0000 2018,0.88,0.0,0.12,1,@BBC,"New Year's Day brought us a supermoon - 14% larger than an average full moon, and up to 30% brighter. ?… https://t.co/py606ggRT7"
31,-0.5574,Tue Jan 02 16:00:15 +0000 2018,0.841,0.159,0.0,1,@BBC,The UK's recycling industry says it doesn't know how to cope with a Chinese ban on imports of plastic waste.… https://t.co/V5v3WRakbA
32,0.0,Tue Jan 02 15:00:06 +0000 2018,1.0,0.0,0.0,1,@BBC,Wildlife rescuers have removed 43 reptile eggs from a sandpit at a school in Australia. ?? https://t.co/nysOcLm4P8 https://t.co/5jLnBqT851
33,0.6597,Tue Jan 02 14:01:03 +0000 2018,0.779,0.0,0.221,1,@BBC,Looking to escape the hustle and bustle? Here are some wonderful winter paintings you can see in quiet seclusion ac… https://t.co/h9XwJbKVXw
34,0.0772,Tue Jan 02 13:32:03 +0000 2018,0.773,0.106,0.121,1,@BBC,Why children don’t like vegetables - Prof Jackie Blisset says there are evolutionary reasons why toddlers avoid cer… https://t.co/AJ3HO8Gsgv
35,-0.7003,Tue Jan 02 13:00:04 +0000 2018,0.766,0.234,0.0,1,@BBC,A group of New Zealanders has built an island in an attempt to avoid a ban on drinking in public places. ?… https://t.co/3cjwazqdZ0
36,0.0,Tue Jan 02 12:30:02 +0000 2018,1.0,0.0,0.0,1,@BBC,This litter-shaming photographer from Senegal chooses locations filled with trash for her fashion shoots to inspire… https://t.co/7szJ8iQ7BP
37,0.3612,Tue Jan 02 12:27:42 +0000 2018,0.848,0.0,0.152,1,@BBC,RT @BBCR1: Who would you like to hear in the Live Lounge in 2018? ???
38,0.0,Tue Jan 02 12:27:07 +0000 2018,1.0,0.0,0.0,1,@BBC,"RT @BBCTwo: Just when you think it couldn't get any weirder... they take it to the next level. ?

#InsideNo9 returns tonight, 10pm, @BBCTwo…"
39,0.0,Tue Jan 02 12:24:10 +0000 2018,1.0,0.0,0.0,1,@BBC,"RT @bbcthree: ""I'm so OCD too!""

And other things not to say to people with OCD. https://t.co/vNjDvcoYd6"
40,0.0,Tue Jan 02 12:02:03 +0000 2018,1.0,0.0,0.0,1,@BBC,Andy Murray says he may have to consider surgery after withdrawing from the Brisbane International. ?… https://t.co/BJLFTbMbW8
41,-0.7184,Tue Jan 02 11:09:53 +0000 2018,0.625,0.375,0.0,1,@BBC,Thirteen monkeys have died in a fire at Woburn Safari Park. ? https://t.co/CM8GgYm14Z https://t.co/x04TzuIA72
42,-0.6808,Tue Jan 02 10:58:21 +0000 2018,0.664,0.27,0.066,1,@BBC,"RT @bbcworldservice: Over 300 actresses, writers and directors have launched a major project to fight sexual harassment. #TimesUp ?  https:…"
43,0.8611,Tue Jan 02 10:53:34 +0000 2018,0.592,0.077,0.331,1,@BBC,"RT @BBCR1: ???? #JANSLAM IS GO! ????

Our first HUGE prize is...

You could WIN 2 tickets to watch @anthonyfjoshua's next UK fight PLUS mee…"
44,0.0,Tue Jan 02 09:00:05 +0000 2018,1.0,0.0,0.0,1,@BBC,"'A caiman's tail can pack a punch – not just its teeth.' ?

8 things we learned about the young David Attenborough.… https://t.co/0PT9ejAxFU"
45,0.4404,Tue Jan 02 08:40:51 +0000 2018,0.896,0.0,0.104,1,@BBC,RT @bbcworldservice: More than half of all farm produce in Africa spoils before it can be eaten - could making better use of the sun be the…
46,0.4767,Tue Jan 02 08:40:18 +0000 2018,0.86,0.0,0.14,1,@BBC,RT @BBCTwo: Just a girl chimp... standing in front of a boy chimp... asking him to be friends. ?? #ChimpSanctuary @sueperkins https://t.co/…
47,0.0,Tue Jan 02 08:40:10 +0000 2018,1.0,0.0,0.0,1,@BBC,RT @BBCWthrWatchers: Red sky in the morning! You know what they say ...  ?????? https://t.co/2Y9Zfxe8pq
48,0.0,Tue Jan 02 08:40:06 +0000 2018,1.0,0.0,0.0,1,@BBC,"Thousands of women in the UK can't afford to buy tampons &amp; towels.

@BBC100Women https://t.co/66P7IrZ9lB"
49,0.5267,Tue Jan 02 08:38:37 +0000 2018,0.82,0.0,0.18,1,@BBC,"RT @BBC6Music: Here’s an easy #NewYearsResolution idea: listen to more podcasts. We just launched The Leisure Society, which is all about m…"
50,0.0772,Tue Jan 02 08:20:03 +0000 2018,0.936,0.0,0.064,1,@BBC,A subtle form of discrimination exists towards those who are less educated and it divides society in a number of wa… https://t.co/A4OsFYWDQz
51,-0.6369,Tue Jan 02 08:00:03 +0000 2018,0.62,0.248,0.131,1,@BBC,Carol and Evan Grant lost their son Cameron to suicide in 2014. Now they're on a mission to prevent other families… https://t.co/QczACvlDmL
52,-0.5095,Tue Jan 02 07:38:04 +0000 2018,0.845,0.155,0.0,1,@BBC,Scientists have decoded the genome of the Sumatran rhinoceros - one of the most threatened mammals on Earth. ????… https://t.co/oCvXq9VIj4
53,-0.4215,Mon Jan 01 21:34:46 +0000 2018,0.851,0.149,0.0,1,@BBC,"RT @BBCEarth: In Antarctica lies a lake that hasn't seen the light of day for 120,000 years
https://t.co/yhca0n4RDg"
54,0.0,Mon Jan 01 21:27:33 +0000 2018,1.0,0.0,0.0,1,@BBC,"RT @BBCTwo: Biologically, chimpanzees are more closely related to humans than they are to gorillas. ? #ChimpSanctuary https://t.co/ARXFWSss…"
55,0.1139,Mon Jan 01 21:26:20 +0000 2018,0.933,0.0,0.067,1,@BBC,"RT @bbceastenders: The question on everyone's lips: Who's been shot? ??

Don't miss #EastEnders tomorrow from 7pm on @BBCOne. ??? https://t…"
56,0.0,Mon Jan 01 20:30:04 +0000 2018,1.0,0.0,0.0,1,@BBC,"Are you getting enough sleep? This simple test will tell you... ?

@BBCOne https://t.co/XoGkN81P39"
57,0.5859,Mon Jan 01 19:33:03 +0000 2018,0.833,0.0,0.167,1,@BBC,Animal lover Sue travels to America to meet a group of retired female chimpanzees. ? Sue Perkins and the Chimp Sanc… https://t.co/kMVbFpbP0R
58,0.4588,Mon Jan 01 19:00:07 +0000 2018,0.769,0.0,0.231,1,@BBC,Welcome to the family business… #McMafia. 9pm on @BBCOne. https://t.co/IVfyhWHgkc https://t.co/uDVIlrlbTv
59,-0.34,Mon Jan 01 18:30:04 +0000 2018,0.882,0.118,0.0,1,@BBC,"Meet the Jane Austen Society of Pakistan. 

The obsession with marriage &amp; the courtship rituals of Regency England… https://t.co/v7I2lN2fyh"
60,0.4019,Mon Jan 01 17:30:14 +0000 2018,0.828,0.0,0.172,1,@BBC,Burnt out? Eight locations to help you get away from it all: https://t.co/Fwbu4TXpWi https://t.co/zdJthPYxxh
61,0.3802,Mon Jan 01 17:00:05 +0000 2018,0.58,0.152,0.268,1,@BBC,Some #NewYearsResolution inspiration - cut down on plastic in 2018! https://t.co/5zEENPcarR
62,0.7964,Mon Jan 01 16:30:07 +0000 2018,0.552,0.0,0.448,1,@BBC,Easy health hacks to help you get fit this year. #GetInspired ? https://t.co/4D1jolTnpu https://t.co/8W1FYtEuqv
63,0.4939,Mon Jan 01 16:28:11 +0000 2018,0.802,0.0,0.198,1,@BBC,"RT @BBCOne: Gary Oldman as Winston Churchill dancing to James Brown. Enjoy. ? 

#TheGNShow https://t.co/PvIeNo4pac"
64,0.0,Mon Jan 01 15:30:09 +0000 2018,1.0,0.0,0.0,1,@BBC,"??? Eating loads of fruit and vegetables - 10 portions a day - may give us longer lives, say researchers.… https://t.co/kGnVhOOmjf"
65,0.5106,Mon Jan 01 15:13:29 +0000 2018,0.837,0.0,0.163,1,@BBC,RT @bbcstories: Can you cook a nutritious meal for £1? This free cookery class is teaching people how. https://t.co/TXaIOlTKR4
66,0.0,Mon Jan 01 15:00:03 +0000 2018,1.0,0.0,0.0,1,@BBC,"When it comes to difference, children see things differently. ???

Via @CbeebiesHQ https://t.co/4vTWDwLXVO"
67,0.4588,Mon Jan 01 14:45:06 +0000 2018,0.778,0.0,0.222,1,@BBC,Want to read more books? ? Ten tips to help you turn over a new leaf. https://t.co/Vm07cD1eF1 https://t.co/RE1WW4K1bD
68,0.0,Mon Jan 01 14:44:31 +0000 2018,1.0,0.0,0.0,1,@BBC,RT @bbcthree: The male chimp who's never met a female... until now. https://t.co/uu9sCXY7eG
69,-0.2023,Mon Jan 01 14:44:22 +0000 2018,0.696,0.17,0.135,1,@BBC,"RT @BBCOne: Once upon a time, Grandpa was a World War II flying ace. 

A heartwarming adaptation of @davidwalliams’s bestselling children’s…"
70,0.4404,Mon Jan 01 14:43:29 +0000 2018,0.813,0.0,0.187,1,@BBC,"RT @BBCScotland: Here's how to be a guide runner if you're feeling that new year motivation ????

via @bbcthesocial https://t.co/3QVQd0QMx0"
71,-0.4767,Mon Jan 01 14:15:06 +0000 2018,0.659,0.341,0.0,1,@BBC,How fake news plagued 2017: https://t.co/VuQrHX852F https://t.co/WSCQMe2x5v
72,0.0,Mon Jan 01 14:00:11 +0000 2018,1.0,0.0,0.0,1,@BBC,? 8 stars you didn't know had a sibling. ? https://t.co/sfdfrA8BPZ https://t.co/WI45VvRf8q
73,0.7783,Mon Jan 01 13:30:06 +0000 2018,0.618,0.0,0.382,1,@BBC,Heartwarming New Year's resolutions from musicians to inspire you in 2018 ? https://t.co/WmwKS9BOyG https://t.co/2bCIUWJhkr
74,0.0,Mon Jan 01 13:00:10 +0000 2018,1.0,0.0,0.0,1,@BBC,"This year, take a leaf out of @Dawn_French’s book and say ‘get lost’ to more things. ? https://t.co/pbiG2yfE7V"
75,0.0,Mon Jan 01 12:45:52 +0000 2018,1.0,0.0,0.0,1,@BBC,"RT @bbcmusic: The first song he ever learnt on guitar, @EdSheeran treated us to this Eric Clapton hit at @BBCLater's Annual Hootenanny ?
-…"
76,0.6808,Mon Jan 01 12:45:46 +0000 2018,0.699,0.0,0.301,1,@BBC,RT @BBCOne: Join @GeriHalliwell and the fabulous 100 for #AllTogetherNow. ? Coming soon to @BBCOne. https://t.co/DMxKsIaYJo
77,0.6597,Mon Jan 01 12:00:04 +0000 2018,0.597,0.0,0.403,1,@BBC,"How to clean up after your #NewYear party. ?

@BBCTwo https://t.co/fhZ1Wbt8tb"
78,0.3182,Mon Jan 01 11:30:02 +0000 2018,0.303,0.0,0.697,1,@BBC,Truth ? https://t.co/bs3IXZCX6c
79,0.6369,Mon Jan 01 11:15:05 +0000 2018,0.756,0.0,0.244,1,@BBC,You might need this today. The best hangover cures according to a doctor: https://t.co/9pWcsDyYsO https://t.co/mQWrsuTUL0
80,0.0,Mon Jan 01 10:18:04 +0000 2018,1.0,0.0,0.0,1,@BBC,Looking for Ferdinand the white moose. ?? https://t.co/H6gXnpwnJ0 https://t.co/5sYcqR5rNs
81,0.6249,Mon Jan 01 09:57:02 +0000 2018,0.709,0.0,0.291,1,@BBC,RT @BBC6Music: Scott Walker + Jarvis + @bbcproms = a great start to 2018 https://t.co/mVeYzLLhNs
82,0.0,Mon Jan 01 09:55:23 +0000 2018,1.0,0.0,0.0,1,@BBC,"RT @BBCSport: It's time to decide on your New Year's resolutions...

Here's what @anthonyfjoshua has gone for... ? https://t.co/ttOyir9KVZ"
83,-0.5859,Mon Jan 01 09:55:12 +0000 2018,0.669,0.25,0.081,1,@BBC,"RT @BBCNewsbeat: This is a tough way to start 2018.
A huge fire has destroyed up to 1,400 vehicles in a multi-storey car park in Liverpool.…"
84,0.0,Mon Jan 01 09:54:56 +0000 2018,1.0,0.0,0.0,1,@BBC,RT @BBCFood: Today calls for a fish finger sandwich ? #themorningafter https://t.co/7caFje78Iu https://t.co/thsIBTF7kw
85,-0.4939,Mon Jan 01 09:40:04 +0000 2018,0.781,0.219,0.0,1,@BBC,Starting a low-calorie diet? Fill up on a big breakfast to avoid hunger and cravings until lunchtime. ?… https://t.co/S7iTvn67L3
86,0.4939,Mon Jan 01 09:00:04 +0000 2018,0.811,0.0,0.189,1,@BBC,"Feeling fragile this morning?

Here's footage of a newborn hedgehog being fed &amp; burped to help get you through. ?? https://t.co/Q5FBhRhjHe"
87,0.0,Mon Jan 01 01:14:01 +0000 2018,1.0,0.0,0.0,1,@BBC,"Walking home after a big night dancing. ??

#HappyNewYear https://t.co/rMLXe9VUyC"
88,0.0,Mon Jan 01 00:39:45 +0000 2018,1.0,0.0,0.0,1,@BBC,"RT @BBCWales: …oh, hello 2018! ?

? Blwyddyn Newydd Dda i chi gyd! ?

? #HappyNewYear from all of us at BBC Wales! ?

? #Photooftheday » ht…"
89,0.8356,Mon Jan 01 00:39:36 +0000 2018,0.712,0.0,0.288,1,@BBC,"RT @BBCWomansHour: Happy New Year! ? If you’re awake, join us for a special programme at 10am ? with an array of young women who will be #1…"
90,0.893,Mon Jan 01 00:39:16 +0000 2018,0.567,0.0,0.433,1,@BBC,RT @bbcweather: Happy New Year! All the team at BBC Weather wish you a very happy 2018. https://t.co/0afXGYTNNU
91,0.6932,Mon Jan 01 00:39:00 +0000 2018,0.559,0.0,0.441,1,@BBC,RT @BBCR1: ? HAPPY NEW YEAR EVERYBODY! ? https://t.co/T0AhyYDO3z
92,0.6114,Mon Jan 01 00:01:06 +0000 2018,0.501,0.0,0.499,1,@BBC,Happy New Year everyone! ? https://t.co/T2bWii5es4
93,0.0,Sun Dec 31 23:09:05 +0000 2017,1.0,0.0,0.0,1,@BBC,Trying to make it to midnight like... ?? https://t.co/zkT5q7vGjb
94,0.7418,Sun Dec 31 23:03:50 +0000 2017,0.778,0.0,0.222,1,@BBC,"RT @BBCRadio2: ?  ONE HOUR TO GO! ? 
@MsAnaMatronic is seeing in the New Year now with a special edition of Disco Devotion! She has big shi…"
95,0.4404,Sun Dec 31 22:04:46 +0000 2017,0.849,0.0,0.151,1,@BBC,RT @bbcmusic: TONIGHT we are excited to bring you an exclusive live stream of our @BBCOne New Years Eve celebrations with @NileRogers &amp; Chi…
96,0.0,Sun Dec 31 22:03:04 +0000 2017,1.0,0.0,0.0,1,@BBC,"It's Jools' Annual Hootenanny night! Dance into the new year with @EdSheeran, @MavisStaples, @JessieWare and more f… https://t.co/Z0BSr993VV"
97,0.296,Sun Dec 31 21:33:04 +0000 2017,0.879,0.0,0.121,1,@BBC,"Tonight, @RealHughJackman, @ZacEfron, @Zendaya, Suranne Jones and Gary Oldman join @grahnort on the #TGNS sofa. Plu… https://t.co/8aBRgNDCjQ"
98,0.3612,Sun Dec 31 21:01:06 +0000 2017,0.8,0.0,0.2,1,@BBC,All dressed up and ready for a night out like... ? ? ? #NewYearsEve https://t.co/nntk8Mvcr5
99,0.4588,Sun Dec 31 20:33:04 +0000 2017,0.864,0.0,0.136,1,@BBC,"Tonight, @NileRodgers and @CHICorg are live from London to welcome in the new year. Watch on @BBCOne from 11:20pm.… https://t.co/OPMWTvAmgG"
100,0.0,Wed Jan 03 12:00:01 +0000 2018,1.0,0.0,0.0,2,@CBS,"The new year of new episodes continues tonight with all-new episodes of #AmazingRace, #SEALTeam and #CriminalMinds… https://t.co/bwhNhQgsFC"
101,-0.7692,Wed Jan 03 00:47:26 +0000 2018,0.733,0.267,0.0,2,@CBS,"RT @BullCBS: Tonight, can #Bull prove that a teen accused of robbing a jewelry store isn't responsible for the crime? Tune in at 9/8c or st…"
102,0.8516,Tue Jan 02 22:41:51 +0000 2018,0.66,0.0,0.34,2,@CBS,It's your last chance to choose the pro football player with the best off-the-field talent! Vote now to decide who… https://t.co/6DjwqU0MB9
103,0.0,Tue Jan 02 08:00:03 +0000 2018,1.0,0.0,0.0,2,@CBS,"New year, new episodes -- all week long! It kicks off with an all-new #NCIS, #Bull and #NCISNOLA tonight starting a… https://t.co/bcmAaUQJtf"
104,0.0,Mon Jan 01 01:16:12 +0000 2018,1.0,0.0,0.0,2,@CBS,"Due to #NFL football games overrun, revised start times &amp; lineup for Eastern/Central Time Zones Only:
#60Minutes 8:… https://t.co/rqOYbM5j0h"
105,0.7798,Sun Dec 31 14:37:05 +0000 2017,0.736,0.0,0.264,2,@CBS,Get ready for football! Stream NFL on CBS today with #CBSAllAccess. Try 1 month FREE with promo code BINGE (not ava… https://t.co/NEntvW7QHd
106,0.0,Sat Dec 30 20:25:20 +0000 2017,1.0,0.0,0.0,2,@CBS,"RT @NoActivityCBS: All season nothing's happened. Now prepare for activity. Stream the #NoActivity season finale Sunday, Dec 31 on CBS All…"
107,0.3612,Sat Dec 30 20:24:58 +0000 2017,0.884,0.0,0.116,2,@CBS,RT @startrekcbs: Find out what happens when you boldly go too far. #StarTrekDiscovery continues January 7 on CBS All Access: https://t.co/f…
108,0.0857,Fri Dec 29 16:06:02 +0000 2017,0.699,0.144,0.157,2,@CBS,Stream NC State Wolfpack at Arizona State Sun Devils LIVE today at 3PM ET with a 1-month FREE trial of… https://t.co/8k50thgtip
109,0.1511,Thu Dec 28 20:31:01 +0000 2017,0.783,0.096,0.121,2,@CBS,"In case you missed this star-studded tribute to Carol Burnett's classic comedy series, catch up now! Watch The Caro… https://t.co/wu7BxM9gtm"
110,0.0,Thu Dec 28 19:28:22 +0000 2017,1.0,0.0,0.0,2,@CBS,Some of TV's biggest stars saluted @TheNormanLear's impact on television and culture at The 40th Annual Kennedy Cen… https://t.co/E74ChUW1uE
111,0.875,Wed Dec 27 22:45:05 +0000 2017,0.643,0.0,0.357,2,@CBS,The search is on to find the pro football player with the best off-the-field talent. Vote for your favorite player… https://t.co/R0fb5ngJ16
112,0.7717,Wed Dec 27 21:04:10 +0000 2017,0.705,0.0,0.295,2,@CBS,"Celebrate everyone's favorite classic sitcom with Carol Burnett, Vicki Lawrence, and more stars during The Carol Bu… https://t.co/SaiZ9TzBVO"
113,0.8452,Wed Dec 27 19:52:02 +0000 2017,0.663,0.0,0.337,2,@CBS,Joy to the world of streaming! Try #CBSAllAccess FREE for 1 month – just use code BINGE by 1/2:… https://t.co/9p1ACnslz6
114,0.0,Wed Dec 27 19:40:34 +0000 2017,1.0,0.0,0.0,2,@CBS,"Music legend Stevie Wonder salutes @LionelRichie while performing his classic hit, ""Easy"" at The 40th Annual Kenned… https://t.co/7TeDeNyhgo"
115,0.7003,Wed Dec 27 12:00:01 +0000 2017,0.766,0.0,0.234,2,@CBS,"As the youngest Kennedy Center Honoree in 40 years, @LLCoolJ talks about what motivates him to chase his dreams. Wa… https://t.co/DFY78y99w3"
116,0.8398,Wed Dec 27 07:27:33 +0000 2017,0.64,0.0,0.36,2,@CBS,Here's to the 2017 Kennedy Center Honorees! Catch up on an evening of stunning performances and inspiring speeches… https://t.co/jGfANpSCul
117,0.8221,Wed Dec 27 04:00:52 +0000 2017,0.664,0.0,0.336,2,@CBS,This celebration could go all night long! What a great final performance in honor of @LionelRichie. #KCHonors https://t.co/xKLWpKr3v0
118,0.0,Wed Dec 27 03:59:48 +0000 2017,1.0,0.0,0.0,2,@CBS,RT @MarkAPrinceJr: A #LionelRichie tribute is not complete without ?All Night Long? ? #KCHonors
119,0.8271,Wed Dec 27 03:36:01 +0000 2017,0.58,0.0,0.42,2,@CBS,Carmen de Lavallade (@CarmenDances) got emotional during those beautiful performances in her honor. Congratulations… https://t.co/gOCAZpZDpt
120,0.0,Wed Dec 27 03:03:49 +0000 2017,1.0,0.0,0.0,2,@CBS,RT @llcoolj: Attn: #HIPHOP !!!! We made history!! #KCHonors
121,0.5255,Wed Dec 27 03:03:26 +0000 2017,0.78,0.0,0.22,2,@CBS,.@llcoolj is making history! He’s the Kennedy Center’s first hip-hop honoree. #KCHonors https://t.co/kCqkOdUjtu
122,0.7096,Wed Dec 27 02:57:56 +0000 2017,0.753,0.0,0.247,2,@CBS,RT @ErinAnnCullen: #KCHonors is always a night of inspiration. Thank you to these artists for your impact on our country. ???????
123,0.7345,Wed Dec 27 02:48:52 +0000 2017,0.64,0.0,0.36,2,@CBS,Give a round of applause to television pioneer and 2017 Honoree @TheNormanLear! #KCHonors https://t.co/20UosF987x
124,0.6124,Wed Dec 27 02:45:34 +0000 2017,0.826,0.0,0.174,2,@CBS,RT @AliL: This tribute to Norman Lear on #KCHonors is outstanding AND a walk down my childhood TV memory lane. ???
125,0.3699,Wed Dec 27 02:28:07 +0000 2017,0.702,0.0,0.298,2,@CBS,RT @llcoolj: Moments I’ll never forget!!! #KCHonors
126,0.8748,Wed Dec 27 02:26:46 +0000 2017,0.474,0.0,0.526,2,@CBS,.@GloriaEstefan approves of those amazing musical performances in her honor! #KCHonors https://t.co/i3EVYEoKRx
127,0.9601,Wed Dec 27 02:20:11 +0000 2017,0.434,0.0,0.566,2,@CBS,RT @thepickypantry: Beautiful tribute to @GloriaEstefan on the Kennedy Center Honors. Love Mi Tierra! Amazing and inspiring what a fighter…
128,0.8908,Wed Dec 27 02:00:29 +0000 2017,0.654,0.0,0.346,2,@CBS,Time to celebrate the 2017 honorees at The 40th Annual Kennedy Center Honors! Tune in now on CBS and CBS All Access… https://t.co/1OULMpCfPy
129,0.0,Wed Dec 27 01:08:32 +0000 2017,1.0,0.0,0.0,2,@CBS,"Tonight, @LionelRichie, @LLCoolJ, @GloriaEstefan, @TheNormanLear &amp; Carmen de Lavallade will be recognized at The 40… https://t.co/jZJqNo8h3b"
130,0.2415,Tue Dec 26 12:00:01 +0000 2017,0.61,0.173,0.218,2,@CBS,"Don't miss the breathtaking performances, standing ovations and moving tributes that will leave you inspired. Here'… https://t.co/imILa52fjz"
131,0.5106,Mon Dec 25 12:00:05 +0000 2017,0.809,0.0,0.191,2,@CBS,"Experience the performances and the memories when 2017 Honorees @LionelRichie, @GloriaEstefan, Carmen de Lavallade,… https://t.co/ygbqASVL7t"
132,-0.2263,Mon Dec 25 00:48:24 +0000 2017,0.899,0.101,0.0,2,@CBS,"Due to NFL overrun CBS is delayed 36mins in Charlotte/NC, Cincinnati/OH, Nashville, Atlanta, New Orleans, Baton Rou… https://t.co/20mnbAhpTm"
133,0.7574,Sun Dec 24 20:40:42 +0000 2017,0.711,0.0,0.289,2,@CBS,"Tonight, get together and enjoy Christmas Eve with a two-hour marathon of your favorite classic sitcoms! Watch The… https://t.co/SCv8TJy9Yp"
134,0.7974,Sun Dec 24 14:17:43 +0000 2017,0.727,0.0,0.273,2,@CBS,Get ready for football! Stream NFL on CBS today with #CBSAllAccess. Try 1 month FREE with promo code BINGE! (Not av… https://t.co/6mR4bRR5Ey
135,0.0,Sun Dec 24 12:30:02 +0000 2017,1.0,0.0,0.0,2,@CBS,"All In The Family star @RobReiner gives props to legendary television writer, producer and 2017 Kennedy Center Hono… https://t.co/98jc5i63zE"
136,0.0,Sat Dec 23 16:21:17 +0000 2017,1.0,0.0,0.0,2,@CBS,"Rapper @BustaRhymes pays tribute to @LLCoolJ, performing his hit song ""Mama Said Knock You Out"" at The 40th Annual… https://t.co/CRjQArUqwd"
137,0.8236,Sat Dec 23 15:00:02 +0000 2017,0.714,0.0,0.286,2,@CBS,"Oh, what fun it is to stream! Start a 1-month FREE trial of #CBSAllAccess now. Use promo code BINGE by 1/2:… https://t.co/rSAnDJDgbI"
138,0.7712,Sat Dec 23 12:37:04 +0000 2017,0.645,0.0,0.355,2,@CBS,CBS stars are glowing with holiday spirit! See how the stars are getting festive this season:… https://t.co/7qYTHoxFIc
139,0.743,Sat Dec 23 07:24:44 +0000 2017,0.583,0.107,0.311,2,@CBS,Spread some holiday cheer and laugh along with Dick Van Dyke and Mary Tyler Moore in two back-to-back episodes of T… https://t.co/N89JoYvXZW
140,0.8687,Sat Dec 23 06:39:45 +0000 2017,0.635,0.0,0.365,2,@CBS,Come home for the holidays with Lucy and Ricky in the I Love Lucy Christmas Special! Stream the full show:… https://t.co/s7f9mjEtER
141,-0.1531,Sat Dec 23 01:38:37 +0000 2017,0.769,0.127,0.104,2,@CBS,"Tonight at 9/8c, gather the family for two hilarious episodes of this classic sitcom in The Dick Van Dyke Show- Now… https://t.co/YcyECVr2NN"
142,0.9422,Sat Dec 23 00:39:52 +0000 2017,0.531,0.0,0.469,2,@CBS,Get ready to laugh in the holidays tonight with Lucy and the gang in the I Love Lucy Christmas Special at 8/7c! Str… https://t.co/txU2TwXWOg
143,0.6588,Fri Dec 22 19:35:35 +0000 2017,0.759,0.0,0.241,2,@CBS,"Tonight, ring in the holidays with two back-to-back episodes of a timeless comedy classic, now in color! Watch the… https://t.co/skJsgJdQel"
144,0.6597,Fri Dec 22 18:03:20 +0000 2017,0.722,0.0,0.278,2,@CBS,"Groundbreaking, daring, fearless. This is CBS All Access Originals. 

Sign up now to watch @StarTrekCBS,… https://t.co/kvPsJafYrN"
145,0.5255,Fri Dec 22 14:04:52 +0000 2017,0.841,0.0,0.159,2,@CBS,2017 Honoree @LLCoolJ is the first hip-hop artist recognized at the #KCHonors! Learn more about the @NCISLA star's… https://t.co/eK91KdBNpG
146,0.8718,Thu Dec 21 12:04:04 +0000 2017,0.632,0.0,0.368,2,@CBS,"She's at it again! Tomorrow, relive Lucy's hilarious antics during the I Love Lucy Christmas Special at 8/7c on CBS… https://t.co/g01UGGLEDk"
147,0.6597,Thu Dec 21 01:04:27 +0000 2017,0.787,0.0,0.213,2,@CBS,"RT @survivorcbs: 6 heroes, 6 healers, 6 hustlers, but only 1 sole #Survivor. Ready to find out who it is? Tune in to the #SurvivorFinale no…"
148,0.3818,Wed Dec 20 23:00:04 +0000 2017,0.843,0.0,0.157,2,@CBS,Watch @kelly_clarkson deliver a moving performance of 'Christmas Eve' during A Home for the Holidays with… https://t.co/TAcstl7VYh
149,0.743,Wed Dec 20 21:08:10 +0000 2017,0.751,0.0,0.249,2,@CBS,"In two days, celebrate the holidays with the gang with two back-to-back episodes of the classic sitcom during the I… https://t.co/FRr8jX7MXZ"
150,0.7222,Wed Dec 20 20:10:15 +0000 2017,0.719,0.0,0.281,2,@CBS,2017 Honoree @LLCoolJ salutes James Brown for paving the way for artists like himself. Don't miss The 40th Annual K… https://t.co/310Wfk7EoW
151,0.0,Wed Dec 20 19:31:47 +0000 2017,1.0,0.0,0.0,2,@CBS,Singer-songwriter @JoshGroban delivers a powerhouse performance while raising awareness of adoption through foster… https://t.co/FiQKJdx7Ty
152,0.5423,Wed Dec 20 15:30:01 +0000 2017,0.857,0.0,0.143,2,@CBS,Do you know all the nominees for Album Of The Year? Get familiar with this year's GRAMMY®  Award nominees ahead of… https://t.co/GYnxLT3n4p
153,0.1139,Wed Dec 20 01:01:19 +0000 2017,0.941,0.0,0.059,2,@CBS,RT @survivorcbs: This finale is going to be unlike any ending in the history of #Survivor. Don't miss the finale + reunion all starting Wed…
154,0.7644,Wed Dec 20 00:14:34 +0000 2017,0.708,0.0,0.292,2,@CBS,"This Friday, gather around the tree and celebrate the holidays with Lucille Ball! Watch two colorized back-to-back… https://t.co/4wopbmS4ez"
155,0.0,Tue Dec 19 21:12:50 +0000 2017,1.0,0.0,0.0,2,@CBS,Kevin and Vanessa took a trip back in time on last night's #KevinCanWait. Watch the latest episode now:… https://t.co/SAqbLOd1Pg
156,0.3818,Tue Dec 19 21:00:03 +0000 2017,0.852,0.0,0.148,2,@CBS,"Find out how to watch A Home for the Holidays with @JoshGroban, featuring performances by @Kelly_Clarkson,… https://t.co/Y6zrR9PigH"
157,0.5719,Tue Dec 19 15:30:04 +0000 2017,0.791,0.0,0.209,2,@CBS,"In one week, celebrate a night of legends when @LionelRichie, @GloriaEstefan, Carmen de Lavallade (@CarmenDances),… https://t.co/u7eXxb521H"
158,0.0,Tue Dec 19 14:42:58 +0000 2017,1.0,0.0,0.0,2,@CBS,"Kick off The 60th Annual #GRAMMYs with @NancyODell, @KevinFrazier &amp; @KeltieKnight as they go behind the scenes with… https://t.co/J6KDEGV1g1"
159,0.6808,Tue Dec 19 00:39:07 +0000 2017,0.714,0.0,0.286,2,@CBS,"Country crooner Luke Bryan (@LukeBryanOnline) honors @LionelRichie with a smooth rendition of his original song, 'P… https://t.co/XIF7ESukR8"
160,0.875,Mon Dec 18 22:53:34 +0000 2017,0.643,0.0,0.357,2,@CBS,The search is on to find the pro football player with the best off-the-field talent. Vote for your favorite player… https://t.co/7uXC3SEz96
161,0.8957,Mon Dec 18 21:32:25 +0000 2017,0.505,0.0,0.495,2,@CBS,"It's the greatest gift a family can give. Celebrate adoption with superstars @JoshGroban, @Kelly_Clarkson,… https://t.co/1wc6meuGF7"
162,0.7569,Mon Dec 18 18:40:55 +0000 2017,0.712,0.0,0.288,2,@CBS,"Mark your calendars! @NCISLA star @LLCoolJ will host MVP: Most Valuable Performer, a new interactive talent show to… https://t.co/s2LilAv50X"
163,0.0,Mon Dec 18 00:42:56 +0000 2017,1.0,0.0,0.0,2,@CBS,"Approximate start times for #CBS tonight (East &amp; Midwest):
#60Minutes 7:38p/6:38c
#WisdomoftheCrowd 8:38p/7:38c… https://t.co/tFKrUBcv8B"
164,0.5093,Mon Dec 18 00:00:40 +0000 2017,0.859,0.0,0.141,2,@CBS,"RT @kencen: Look back on favorite #KCHonors tributes before the Dec. 26 @CBS broadcast! From 2002: @aliciakeys sings ""Bridge Over Troubled…"
165,0.8527,Sun Dec 17 17:48:58 +0000 2017,0.576,0.044,0.38,2,@CBS,"This Friday, you won't want to miss this priceless treasure when the I Love Lucy Christmas Special airs at 8/7c on… https://t.co/oyC9YDno00"
166,0.7798,Sun Dec 17 15:39:38 +0000 2017,0.725,0.0,0.275,2,@CBS,Get ready for football! Stream NFL on CBS today with #CBSAllAccess. Try 1 week FREE (not available on mobile phones… https://t.co/cNMa11dmza
167,0.25,Sat Dec 16 18:29:05 +0000 2017,0.875,0.0,0.125,2,@CBS,RT @HawaiiFive0CBS: Was it all a dream? Catch up on the #H50 Fall Finale: https://t.co/PDeOIaDGqu https://t.co/msEijhSSJH
168,0.1867,Sat Dec 16 12:00:07 +0000 2017,0.92,0.0,0.08,2,@CBS,"In less than a week, Lucy and Ricky will return to your screens... in full color! Don't miss two back-to-back episo… https://t.co/rtmvB5Cj1D"
169,0.5423,Fri Dec 15 20:23:58 +0000 2017,0.857,0.0,0.143,2,@CBS,Do you know all the nominees for Record Of The Year? Get familiar with this year's GRAMMY® Award nominees ahead of… https://t.co/lXDIu1STfq
170,0.6114,Fri Dec 15 14:43:08 +0000 2017,0.8,0.0,0.2,2,@CBS,'Elton John: I'm Still Standing - A GRAMMY® Salute' will celebrate Elton John's legendary career and timeless hits!… https://t.co/6M38jQQpTA
171,0.5106,Thu Dec 14 19:13:25 +0000 2017,0.798,0.0,0.202,2,@CBS,"Get to know 2017 Kennedy Center honorees @LLCoolJ, Carmen de Lavallade (@CarmenDances), @GloriaEstefan,… https://t.co/RGe3zqmY08"
172,0.0,Wed Dec 13 23:20:01 +0000 2017,1.0,0.0,0.0,2,@CBS,"So close, yet so far away. Which #Survivor Castaways Will Earn Their Spot In The Final Five? More:… https://t.co/efeBVa4p26"
173,0.5093,Wed Dec 13 18:56:58 +0000 2017,0.798,0.0,0.202,2,@CBS,RT @BandB_CBS: Take a walk down #BoldandBeautiful memory lane! RT your favorite #Steam moment. https://t.co/kxeD2br8Tc
174,0.0,Tue Dec 12 20:34:16 +0000 2017,1.0,0.0,0.0,2,@CBS,"RT @thegoodfight: Court is back in session. Season 2 of #TheGoodFight premieres March 4, exclusively on CBS All Access: https://t.co/Niu5a8…"
175,0.5562,Tue Dec 12 19:04:59 +0000 2017,0.854,0.0,0.146,2,@CBS,Only two weeks until The 40th Annual Kennedy Center Honors air on December 26! Look back on four decades of inspiri… https://t.co/z4J8sfs55V
176,0.555,Tue Dec 12 17:13:52 +0000 2017,0.826,0.0,0.174,2,@CBS,"Mark your calendars! The 53rd Academy Of Country Music Awards will air Sunday, April 15 on CBS!… https://t.co/yYPc5rCiMW"
177,0.8832,Mon Dec 11 21:29:33 +0000 2017,0.636,0.0,0.364,2,@CBS,The search is on to find the pro football player with the best off-the-field talent! Vote for your favorite perform… https://t.co/musmVXrRJz
178,0.4939,Mon Dec 11 19:05:21 +0000 2017,0.703,0.086,0.211,2,@CBS,RT @MadamSecretary: No D.C. holiday party is complete without some political persuasion and a covert sting to bust a corrupt senator. ??? S…
179,-0.2263,Mon Dec 11 00:26:50 +0000 2017,0.917,0.083,0.0,2,@CBS,"Due to NFL overrun, CBS is delayed 8 mins in the following ET &amp; CT markets: Hunstville, AL, Bowling Green, KY, MS,… https://t.co/gbwhgooEQd"
180,-0.2263,Mon Dec 11 00:25:54 +0000 2017,0.913,0.087,0.0,2,@CBS,"Due to NFL overrun CBS is delayed 7 mins in the following ET &amp; CT markets Tampa, Chicago, Maryland, Michigan, Wash… https://t.co/driVgCiX7D"
181,0.0772,Sun Dec 10 22:49:02 +0000 2017,0.936,0.0,0.064,2,@CBS,"RT @NoActivityCBS: If you want the intel, you get the tickles. ? Stream the first 5 episodes of #NoActivity now: https://t.co/Wzq9bVOhGN ht…"
182,0.0,Sun Dec 10 22:48:46 +0000 2017,1.0,0.0,0.0,2,@CBS,RT @startrekcbs: .@albinokid and @wcruz73 are breaking new ground in #StarTrekDiscovery. ???? Stream chapter 1 on CBS All Access: https://t…
183,0.5754,Sat Dec 09 18:24:37 +0000 2017,0.742,0.07,0.189,2,@CBS,Don’t miss America’s Game! Stream the Army-Navy game LIVE today at 3PM ET with a FREE trial of #CBSAllAccess:… https://t.co/38udnQj2vs
184,0.6476,Sat Dec 09 01:11:51 +0000 2017,0.791,0.0,0.209,2,@CBS,"There's still time before we have to say so long! Catch up with Carol Burnett, her original castmates and special g… https://t.co/WTiK8dzaXO"
185,0.8126,Fri Dec 08 23:35:41 +0000 2017,0.697,0.0,0.303,2,@CBS,RT @bigbangtheory: It's the biggest best friend breakup of the year... ? Stream the latest full episode of #BigBangTheory: https://t.co/iIw…
186,0.7777,Thu Dec 07 18:23:03 +0000 2017,0.746,0.0,0.254,2,@CBS,"RT @AmazingRaceCBS: Presenting... the 30th cast of the #AmazingRace! Made up of champions and winners, this is quite literally the most com…"
187,0.5423,Thu Dec 07 12:07:06 +0000 2017,0.863,0.0,0.137,2,@CBS,Do you know all the nominees for Song Of The Year? Get familiar with this year's GRAMMY® Award nominees ahead of Mu… https://t.co/I6hhOtfQjb
188,0.3182,Wed Dec 06 17:32:28 +0000 2017,0.874,0.0,0.126,2,@CBS,"A new Twilight Zone original series is coming exclusively to CBS All Access in association with @JordanPeele,… https://t.co/fVYnhUASee"
189,0.1511,Tue Dec 05 19:21:31 +0000 2017,0.91,0.0,0.09,2,@CBS,RT @SuperiorDonuts: You'll want to check this box! ?? Stream the latest episode of #SuperiorDonuts: https://t.co/h1xhKLCAPl https://t.co/d8…
190,0.4199,Tue Dec 05 19:14:00 +0000 2017,0.883,0.0,0.117,2,@CBS,RT @YoungSheldon: Wondering what it's like behind the scenes of #YoungSheldon? Let star @OfficialRaeganR take you on a tour of the set! htt…
191,0.5106,Tue Dec 05 00:54:16 +0000 2017,0.837,0.0,0.163,2,@CBS,The Kennedy Center Honors recognizes the lifetime contributions of all types of performance artists. Watch the 40th… https://t.co/azF3rW2ptw
192,0.0,Tue Dec 05 00:03:06 +0000 2017,1.0,0.0,0.0,2,@CBS,RT @YoungSheldon: There's something @elonmusk never told you about @spacex's Falcon 9. ?  #YoungSheldon https://t.co/bu3W0IC8zN
193,0.3612,Mon Dec 04 20:52:31 +0000 2017,0.894,0.0,0.106,2,@CBS,"Just like old times, Carol Burnett bumps up the lights and answers questions from the audience. Catch up on The Car… https://t.co/9r7WI8d1tZ"
194,0.9217,Mon Dec 04 19:22:07 +0000 2017,0.496,0.0,0.504,2,@CBS,Star comedian @JimCarrey gets emotional when he expresses his heartfelt thanks to Carol Burnett for her positive in… https://t.co/5QCejBcg5T
195,0.5213,Mon Dec 04 07:14:06 +0000 2017,0.813,0.0,0.187,2,@CBS,Take a trip down memory lane with Carol Burnett for a special tribute you'll never forget. Catch up on The Carol Bu… https://t.co/XBINDav614
196,-0.5655,Mon Dec 04 03:02:00 +0000 2017,0.823,0.177,0.0,2,@CBS,"RT @JLawlorNY: So, ok...maybe I'm crying at at the #CarolBurnett50 finale with everyone singing her theme song! #ImSoGladWeHadThisTimeToget…"
197,0.9466,Mon Dec 04 03:01:09 +0000 2017,0.328,0.0,0.672,2,@CBS,RT @junerenee: A true classic and favorite!! Love #CarolBurnett50 laughed and cried...just like before!
198,0.5994,Mon Dec 04 02:51:35 +0000 2017,0.719,0.0,0.281,2,@CBS,RT if you’ve loved reliving these classic moments during #CarolBurnett50 https://t.co/I1tIWeSlsQ
199,-0.5994,Wed Jan 03 14:04:06 +0000 2018,0.698,0.302,0.0,3,@CNN,The nuclear war tweet heard 'round the world https://t.co/US9Ck8N6A0 https://t.co/awRzVysOgz
200,-0.6597,Wed Jan 03 13:55:18 +0000 2018,0.794,0.206,0.0,3,@CNN,"Geriatricians, cancer specialists and health system analysts say that an epidemic of medical tests in older patient… https://t.co/dLoYvuPrsg"
201,-0.2263,Wed Jan 03 13:42:03 +0000 2018,0.872,0.128,0.0,3,@CNN,"5 things for Wednesday:

- North and South Korea
- Politics
- Iran protests
- Joshua Boyle
- Weather… https://t.co/YI5TQMzaKk"
202,0.3612,Wed Jan 03 13:40:25 +0000 2018,0.762,0.0,0.238,3,@CNN,This is what subzero temperature looks like https://t.co/nWeGa7Ts5L https://t.co/rar7aOqxuA
203,0.2732,Wed Jan 03 13:36:57 +0000 2018,0.877,0.0,0.123,3,@CNN,"When bombogenesis happens, low-pressure systems can create hurricane-force winds. Even though they are not technica… https://t.co/eZlS6mNptZ"
204,-0.6912,Wed Jan 03 13:23:51 +0000 2018,0.712,0.237,0.051,3,@CNN,"New York City has not gotten above freezing since Christmas Day, and now a “bomb cyclone” is threatening to slam th… https://t.co/BygWJk0frc"
205,0.5256,Wed Jan 03 13:22:06 +0000 2018,0.841,0.0,0.159,3,@CNN,Ripple's recent price spike has made it the second most valuable cryptocurrency after bitcoin. Here's how it works… https://t.co/9YmK6vWzrh
206,0.0,Wed Jan 03 13:07:52 +0000 2018,1.0,0.0,0.0,3,@CNN,"US forces conducted an airstrike on Tuesday targeting Al-Shabaab militants in Somalia, the latest military action a… https://t.co/UBzbHim6Rq"
207,0.0,Wed Jan 03 12:56:07 +0000 2018,1.0,0.0,0.0,3,@CNN,Donald Trump's nuclear button is bigger than yours | Analysis by @CillizzaCNN https://t.co/Pp29j0JHS3 https://t.co/vRTD4zDAnw
208,-0.5574,Wed Jan 03 12:46:18 +0000 2018,0.847,0.153,0.0,3,@CNN,"Thomas S. Monson, Mormon church president, has died at his home in Salt Lake City, Utah, according to a statement f… https://t.co/S94iNIMGws"
209,0.0,Wed Jan 03 12:43:42 +0000 2018,1.0,0.0,0.0,3,@CNN,"It's really, really cold. How cold? Every state in the continental US had at least one weather reporting station me… https://t.co/ZcNvROPL7A"
210,0.0,Wed Jan 03 12:30:15 +0000 2018,1.0,0.0,0.0,3,@CNN,"Reversing guidelines put in place under former President Obama, the Trump administration is scaling back the use of… https://t.co/nIVe6b2cWw"
211,0.0,Wed Jan 03 12:23:02 +0000 2018,1.0,0.0,0.0,3,@CNN,"So far mum on whether he will make a bid for the Senate from Utah, Mitt Romney's Twitter account on Tuesday was upd… https://t.co/qFfyPFwgEq"
212,0.0,Wed Jan 03 12:13:40 +0000 2018,1.0,0.0,0.0,3,@CNN,The 10 Senate seats most likely to flip in 2018 https://t.co/PMKqJiBeT7 https://t.co/5RgAMVWQE2
213,0.3612,Wed Jan 03 12:13:05 +0000 2018,0.762,0.0,0.238,3,@CNN,This is what subzero temperature looks like https://t.co/Nvizt2ikxi https://t.co/VEck70eDFK
214,0.0,Wed Jan 03 12:04:25 +0000 2018,1.0,0.0,0.0,3,@CNN,"North Korea called South Korea on a hotline that's been dormant for almost two years, a major diplomatic breakthrou… https://t.co/Po1gP1zd2h"
215,0.0,Wed Jan 03 12:03:50 +0000 2018,1.0,0.0,0.0,3,@CNN,"President Trump taunts North Korean leader Kim Jong Un in a tweet, writing that his nuclear button is ""much bigger""… https://t.co/GitL6iFPgM"
216,-0.2263,Wed Jan 03 11:46:03 +0000 2018,0.872,0.128,0.0,3,@CNN,A leading music publishing company is going after Spotify with a $1.6 billion dollar lawsuit https://t.co/9283hEOptG
217,0.1531,Wed Jan 03 11:32:12 +0000 2018,0.732,0.116,0.152,3,@CNN,This is what it's like for Iran's expats to watch protests unfold https://t.co/RN9OopCLV3 https://t.co/rws2SCRN6H
218,0.4939,Wed Jan 03 11:28:34 +0000 2018,0.769,0.0,0.231,3,@CNN,President Trump's legal team recently spoke with the members of special counsel Robert Mueller's team… https://t.co/pSyhyU7Ppa
219,-0.3818,Wed Jan 03 11:14:32 +0000 2018,0.755,0.245,0.0,3,@CNN,Pakistan holds emergency meeting after President Trump's tweet https://t.co/tG4tu3hQKQ
220,0.0,Wed Jan 03 11:03:10 +0000 2018,1.0,0.0,0.0,3,@CNN,"North Korea called South Korea on a hotline that's been dormant for almost two years, a major diplomatic breakthrou… https://t.co/voNWo6gYVm"
221,-0.6597,Wed Jan 03 10:38:19 +0000 2018,0.794,0.206,0.0,3,@CNN,"Geriatricians, cancer specialists and health system analysts say that an epidemic of medical tests in older patient… https://t.co/jD1ErYEq3I"
222,-0.5994,Wed Jan 03 10:25:40 +0000 2018,0.769,0.231,0.0,3,@CNN,The nuclear war tweet heard 'round the world | Analysis by Stephen Collinson https://t.co/GszK00W708 https://t.co/xN1D3FRibA
223,0.0,Wed Jan 03 10:14:02 +0000 2018,1.0,0.0,0.0,3,@CNN,"President Trump taunts North Korean leader Kim Jong Un in a tweet, writing that his nuclear button is ""much bigger""… https://t.co/BRSm5PVVGo"
224,-0.5267,Wed Jan 03 10:09:16 +0000 2018,0.815,0.185,0.0,3,@CNN,YouTube says social media star Logan Paul violated its policies for posting for a gruesome video… https://t.co/HSli8fnuPA
225,0.0772,Wed Jan 03 09:52:31 +0000 2018,0.902,0.0,0.098,3,@CNN,Want to be gym trendy in 2018? Do HIIT https://t.co/vQQb6in6ZI (via @CNNHealth) https://t.co/BDav15gboZ
226,-0.7096,Wed Jan 03 09:40:22 +0000 2018,0.742,0.258,0.0,3,@CNN,A man who spent five years with his family in militant captivity in Afghanistan faces assault charges in Canada… https://t.co/6W1yTluj5Q
227,0.3612,Wed Jan 03 09:25:35 +0000 2018,0.762,0.0,0.238,3,@CNN,This is what subzero temperature looks like https://t.co/OqgF5N5LqG https://t.co/IjrPyrEz4C
228,0.0,Wed Jan 03 09:11:42 +0000 2018,1.0,0.0,0.0,3,@CNN,"President Trump taunts North Korean leader Kim Jong Un in a tweet, writing that his nuclear button is ""much bigger""… https://t.co/4XdoyaXsOM"
229,0.6486,Wed Jan 03 09:00:21 +0000 2018,0.782,0.0,0.218,3,@CNN,Trump appears to claim credit for recent reports saying that 2017 was the safest year in global commercial air trav… https://t.co/2KFVkV6HCO
230,-0.5574,Wed Jan 03 08:55:40 +0000 2018,0.847,0.153,0.0,3,@CNN,"Thomas S. Monson, Mormon church president, has died at his home in Salt Lake City, Utah, according to a statement f… https://t.co/2auOlXNHQm"
231,0.296,Wed Jan 03 08:43:12 +0000 2018,0.864,0.0,0.136,3,@CNN,"Pro-government counter-protesters across Iran marched Wednesday ""in solidarity with the regime,"" according to Irani… https://t.co/fz548oGtJl"
232,-0.2732,Wed Jan 03 08:30:03 +0000 2018,0.916,0.084,0.0,3,@CNN,The US dollar slid to a 3-month low on Tuesday to start 2018 as expectations dimmed on the impact of the US tax ref… https://t.co/vtJrcGJYGN
233,-0.2263,Wed Jan 03 08:13:54 +0000 2018,0.881,0.119,0.0,3,@CNN,A leading music publishing company is going after Spotify with a $1.6 billion dollar lawsuit https://t.co/e0c1Dds4Gl https://t.co/8LczjaYGuA
234,0.1027,Wed Jan 03 08:00:35 +0000 2018,0.928,0.0,0.072,3,@CNN,"California residents are lining up to legally buy recreational pot. Store owners say they stocked up, expecting a h… https://t.co/HbsSPbalD0"
235,0.4215,Wed Jan 03 08:00:20 +0000 2018,0.859,0.0,0.141,3,@CNN,"A group of more than 1,000 women in entertainment, including Reese Witherspoon, Shonda Rhimes and Meryl Streep, hav… https://t.co/GGqyOYkIUg"
236,0.0,Wed Jan 03 08:00:12 +0000 2018,1.0,0.0,0.0,3,@CNN,"ABC sitcom ""Black-ish"" spins off to college with ""Grown-ish"" https://t.co/HFckiJBO0K https://t.co/cdUHPoaePS"
237,0.0,Wed Jan 03 08:00:10 +0000 2018,1.0,0.0,0.0,3,@CNN,Chinese company won't take over MoneyGram due to US government opposition https://t.co/SrcYnUTW1q https://t.co/2Mvccc8N2C
238,0.0,Wed Jan 03 07:36:04 +0000 2018,1.0,0.0,0.0,3,@CNN,"North Korea called South Korea on a hotline that's been dormant for almost two years, a major diplomatic breakthrou… https://t.co/7PuL9LntRW"
239,0.6369,Wed Jan 03 07:30:07 +0000 2018,0.724,0.0,0.276,3,@CNN,These are the 18 best places to visit in 2018 https://t.co/WOJKD7GDhL https://t.co/itHWua89yn
240,-0.7184,Wed Jan 03 07:11:17 +0000 2018,0.682,0.318,0.0,3,@CNN,President Trump threatens to cut off aid to the Palestinian territories and appears to contradict himself regarding… https://t.co/Alu3I3Zp4d
241,0.7096,Wed Jan 03 07:00:13 +0000 2018,0.704,0.0,0.296,3,@CNN,The Republican opposition to President Donald Trump is poised to get a new champion: Mitt Romney… https://t.co/X1fQmZMF0i
242,-0.6705,Wed Jan 03 07:00:13 +0000 2018,0.8,0.2,0.0,3,@CNN,At least 48 people were killed Tuesday when a bus went over a cliff north of Lima in Peru https://t.co/E8n2hn0Itg https://t.co/XSH9sRT0wd
243,0.0,Wed Jan 03 07:00:06 +0000 2018,1.0,0.0,0.0,3,@CNN,"Hoda Kotb has been named a permanent co-host of NBC's ""Today"" https://t.co/w1xvDfT7JG https://t.co/1kb7905s3G"
244,-0.5994,Wed Jan 03 06:46:09 +0000 2018,0.769,0.231,0.0,3,@CNN,The nuclear war tweet heard 'round the world | Analysis by Stephen Collinson https://t.co/QsKNvg7sla https://t.co/A3d1sNRntV
245,0.0,Wed Jan 03 06:31:33 +0000 2018,1.0,0.0,0.0,3,@CNN,"A lit firework landed in the trunk of this car, which was carrying 600 more fireworks https://t.co/cxKWj0hG96 https://t.co/Kkg8mHUiZh"
246,-0.743,Wed Jan 03 06:00:49 +0000 2018,0.751,0.249,0.0,3,@CNN,"Hoda Kotb, who has filled in on NBC's ""Today"" show since Matt Lauer was fired amid complaints about inappropriate s… https://t.co/ZkrTfQ3nhH"
247,-0.4767,Wed Jan 03 06:00:16 +0000 2018,0.838,0.162,0.0,3,@CNN,A far-right member of Germany's parliament had her Twitter account suspended shortly after posting an anti-Muslim m… https://t.co/DTR349XDws
248,0.4404,Wed Jan 03 06:00:14 +0000 2018,0.868,0.0,0.132,3,@CNN,Women this year are driving the discussion about how to change workplaces for the better. But their male coworkers… https://t.co/jof2wqGFJk
249,0.0,Wed Jan 03 05:41:39 +0000 2018,1.0,0.0,0.0,3,@CNN,North Korea says it will open its hotline to South Korea for the first time in almost two years to discuss Winter O… https://t.co/jCmlc6Tjkm
250,0.4215,Wed Jan 03 05:30:14 +0000 2018,0.859,0.0,0.141,3,@CNN,"A group of more than 1,000 women in entertainment, including Reese Witherspoon, Shonda Rhimes and Meryl Streep, hav… https://t.co/pzMEy9WmCL"
251,-0.0534,Wed Jan 03 05:13:33 +0000 2018,0.781,0.113,0.105,3,@CNN,"1,500 more security barriers are going up in busy parts of New York City to guard against vehicle attacks and other… https://t.co/Dm9BDpQOuF"
252,-0.3252,Wed Jan 03 05:00:06 +0000 2018,0.891,0.109,0.0,3,@CNN,"President Trump is going to say 2,000 things that aren't true in his first year in office | Analysis by… https://t.co/klkrkmcGeS"
253,0.0,Wed Jan 03 04:48:06 +0000 2018,1.0,0.0,0.0,3,@CNN,Mexicans in the US sent cash home in record numbers in 2017 https://t.co/AA72HONiGG https://t.co/9jece4imLb
254,-0.4215,Wed Jan 03 04:30:07 +0000 2018,0.891,0.109,0.0,3,@CNN,Are you protesting in Iran? Tell CNN what you are seeing and why you are speaking out on WhatsApp or Telegram at +1… https://t.co/ylK9jej2Hn
255,-0.5267,Wed Jan 03 04:15:37 +0000 2018,0.815,0.185,0.0,3,@CNN,YouTube says social media star Logan Paul violated its policies for posting for a gruesome video… https://t.co/myAiOHBPSW
256,0.0,Wed Jan 03 04:00:16 +0000 2018,1.0,0.0,0.0,3,@CNN,"It's really, really cold. How cold? Every state in the continental US had at least one weather reporting station me… https://t.co/vTTSDpURAo"
257,0.5256,Wed Jan 03 03:45:10 +0000 2018,0.841,0.0,0.159,3,@CNN,Ripple's recent price spike has made it the second most valuable cryptocurrency after bitcoin. Here's how it works… https://t.co/7o2lLQMq7M
258,0.4019,Wed Jan 03 03:30:28 +0000 2018,0.847,0.0,0.153,3,@CNN,The Trump presidency: One year later. Catch CNN's special report tonight with @jimsciutto and @PamelaBrownCNN… https://t.co/WY0lAo4ANv
259,-0.7096,Wed Jan 03 03:26:03 +0000 2018,0.742,0.258,0.0,3,@CNN,A man who spent five years with his family in militant captivity in Afghanistan faces assault charges in Canada… https://t.co/la1KiMMMgE
260,0.4939,Wed Jan 03 03:15:09 +0000 2018,0.769,0.0,0.231,3,@CNN,President Trump's legal team recently spoke with the members of special counsel Robert Mueller's team… https://t.co/dOkGXq0HCP
261,-0.2732,Wed Jan 03 03:00:12 +0000 2018,0.884,0.116,0.0,3,@CNN,"Former Milwaukee Sheriff David A. Clarke, Jr., a vocal surrogate for President Trump, was temporarily blocked from… https://t.co/N0W1TvZBjU"
262,0.0,Wed Jan 03 02:53:03 +0000 2018,1.0,0.0,0.0,3,@CNN,"Senator Orrin Hatch, the longest-serving GOP member in the Senate, will retire at end of term… https://t.co/V63x2NZPMG"
263,0.1895,Wed Jan 03 02:46:04 +0000 2018,0.774,0.118,0.108,3,@CNN,"RT @AC360: ""We've gotten to a weird place where it really doesn't matter what the President of the United States says anymore, because it's…"
264,0.3612,Wed Jan 03 02:40:24 +0000 2018,0.762,0.0,0.238,3,@CNN,This is what subzero temperature looks like https://t.co/31taPARgB3 https://t.co/izysdDjTd7
265,0.1027,Wed Jan 03 02:32:26 +0000 2018,0.928,0.0,0.072,3,@CNN,"California residents are lining up to legally buy recreational pot. Store owners say they stocked up, expecting a h… https://t.co/dMF3Ek6fez"
266,0.8658,Wed Jan 03 02:26:00 +0000 2018,0.607,0.0,0.393,3,@CNN,Former US Director of National Intelligence James Clapper: “It’s pretty reprehensible” to refer to the Justice Depa… https://t.co/TNz1kKS57M
267,0.5106,Wed Jan 03 02:18:02 +0000 2018,0.837,0.0,0.163,3,@CNN,"Former White House counsel John Dean says former President Richard Nixon might've survived Watergate ""if there'd be… https://t.co/nWlqOdeM7z"
268,-0.6859,Wed Jan 03 02:11:32 +0000 2018,0.78,0.22,0.0,3,@CNN,"""Donald Trump is a very dangerous man. He does not belong in the presidency. ... I'm not going to support any membe… https://t.co/5zXlPIVbwY"
269,0.4215,Wed Jan 03 02:04:05 +0000 2018,0.781,0.0,0.219,3,@CNN,These powerful photographs depict 150 years of human migration https://t.co/b4RBM4H9v2 https://t.co/ckzNffC8IS
270,0.4767,Wed Jan 03 01:57:04 +0000 2018,0.871,0.0,0.129,3,@CNN,"RT @OutFrontCNN: ""I think that the administration needs to tone down the President's tweets with respect to Iran,"" Rep. Gerry Connolly tell…"
271,-0.2263,Wed Jan 03 01:50:07 +0000 2018,0.84,0.16,0.0,3,@CNN,Iran deal deadlines loom as President Trump weighs sanctions https://t.co/R60X9IVvJG https://t.co/X6gKe3f1te
272,-0.7184,Wed Jan 03 01:43:03 +0000 2018,0.682,0.318,0.0,3,@CNN,President Trump threatens to cut off aid to the Palestinian territories and appears to contradict himself regarding… https://t.co/wBbmdIn8Z3
273,0.0,Wed Jan 03 01:36:04 +0000 2018,1.0,0.0,0.0,3,@CNN,"President Trump taunts North Korean leader Kim Jong Un in a tweet, writing that his nuclear button is ""much bigger""… https://t.co/hiv71ujd6l"
274,0.0,Wed Jan 03 01:29:07 +0000 2018,1.0,0.0,0.0,3,@CNN,"Barack Obama's former senior adviser, David Axelrod, recalls a time when Republican Sen. Orrin Hatch of Utah unexpe… https://t.co/Z5qoHt30EI"
275,0.0,Wed Jan 03 01:22:07 +0000 2018,1.0,0.0,0.0,3,@CNN,"President Trump hasn't spent much time golfing with lawmakers, but the White House says it has helped pass his agen… https://t.co/wqbMJqkOGo"
276,-0.5719,Wed Jan 03 01:15:08 +0000 2018,0.719,0.281,0.0,3,@CNN,Vice Media has put two executives on leave over sexual harassment allegations https://t.co/Ll6Xt0q1jp https://t.co/mDOpswI8cb
277,-0.3182,Wed Jan 03 01:08:05 +0000 2018,0.661,0.198,0.141,3,@CNN,"A New Jersey teen killed his parents, sister and family friend on New Year's Eve, a prosecutor says… https://t.co/0UxVX0TpBN"
278,-0.5574,Wed Jan 03 01:01:05 +0000 2018,0.816,0.184,0.0,3,@CNN,"At least 36 people have died after a bus fell down a cliff north of Lima, Peru https://t.co/bclCqIlcpg https://t.co/fHD57rrpq4"
279,0.0516,Wed Jan 03 00:54:02 +0000 2018,0.779,0.107,0.115,3,@CNN,US Ambassador to the United Nations Nikki Haley says the US is seeking emergency meetings regarding Iran with the S… https://t.co/9VwdxRM5mC
280,0.0,Wed Jan 03 00:47:05 +0000 2018,1.0,0.0,0.0,3,@CNN,Mitt Romney's Twitter profile was updated from Massachusetts to Utah soon after Sen. Orrin Hatch of Utah announced… https://t.co/IJCVJXEOOm
281,-0.6859,Wed Jan 03 00:40:31 +0000 2018,0.78,0.22,0.0,3,@CNN,"""Donald Trump is a very dangerous man. He does not belong in the presidency. ... I'm not going to support any membe… https://t.co/eWJCJBi14W"
282,0.0,Wed Jan 03 00:33:03 +0000 2018,1.0,0.0,0.0,3,@CNN,"A blue state revolt would be payback for the GOP, Froma Harrop writes for @CNNOpinion https://t.co/hAhlluScTV https://t.co/N53uG4dm2G"
283,-0.5267,Wed Jan 03 00:26:01 +0000 2018,0.746,0.254,0.0,3,@CNN,This is the question that could sabotage the census https://t.co/lksHN4n3xz https://t.co/ADERmTEvmJ
284,0.0,Wed Jan 03 00:19:04 +0000 2018,1.0,0.0,0.0,3,@CNN,Chinese company won't take over MoneyGram due to US government opposition https://t.co/qEscXrreQp https://t.co/AKBX5jVTSn
285,0.0,Wed Jan 03 00:12:06 +0000 2018,1.0,0.0,0.0,3,@CNN,"Mitt Romney, Tim Pawlenty and Michele Bachmann have revived 2012 memories with possible Senate runs… https://t.co/Z301t1TkR1"
286,0.0,Wed Jan 03 00:05:06 +0000 2018,1.0,0.0,0.0,3,@CNN,.@iamwesmoore has a message for President Trump: Putting America first means addressing poverty… https://t.co/TBx4WDhent
287,-0.0534,Tue Jan 02 23:58:05 +0000 2018,0.781,0.113,0.105,3,@CNN,"1,500 more security barriers are going up in busy parts of New York City to guard against vehicle attacks and other… https://t.co/MnGAPbIXIS"
288,0.0,Tue Jan 02 23:51:03 +0000 2018,1.0,0.0,0.0,3,@CNN,"? The current government spending measure runs out Jan. 19
? President Trump will deliver his first State of the Un… https://t.co/oqGyFeSQPI"
289,0.6249,Tue Jan 02 23:44:05 +0000 2018,0.733,0.0,0.267,3,@CNN,The House Intelligence Committee's Russia probe is poised to break down along partisan lines https://t.co/2FmHG7pZ2E https://t.co/sDMBmhwAHg
290,0.6597,Tue Jan 02 23:38:35 +0000 2018,0.722,0.0,0.278,3,@CNN,President Trump has taken credit for 2017's air safety. Here's what he has done: https://t.co/BlcB7zAdpi https://t.co/MkGzbh5N8r
291,0.7506,Tue Jan 02 23:37:02 +0000 2018,0.714,0.0,0.286,3,@CNN,"Hoda Kotb replacing Matt Lauer on NBC's ""Today"" show is sweet justice, writes Jill Filipovic for @CNNOpinion… https://t.co/tEL5Jfs3tA"
292,0.0,Tue Jan 02 23:30:11 +0000 2018,1.0,0.0,0.0,3,@CNN,"Kim Kardashian-West says her 2-year-old son, Saint, recently was treated in the hospital for pneumonia… https://t.co/MID4ch7WJs"
293,0.5719,Tue Jan 02 23:23:08 +0000 2018,0.802,0.0,0.198,3,@CNN,Why Anthony Scaramucci returning to the White House makes perfect sense https://t.co/4Uumz7kymt | Analysis by Chris… https://t.co/ej4EcbXy8E
294,0.4404,Tue Jan 02 23:16:04 +0000 2018,0.854,0.0,0.146,3,@CNN,Tickets for the college football championship game between University of Georgia and University of Alabama have rea… https://t.co/tRlJRMIeOA
295,0.0,Tue Jan 02 23:09:04 +0000 2018,1.0,0.0,0.0,3,@CNN,Mexicans in the US sent cash home in record numbers in 2017 https://t.co/BA3F5x2Sqp https://t.co/40fGBmUHn3
296,0.0,Tue Jan 02 23:02:04 +0000 2018,1.0,0.0,0.0,3,@CNN,"ABC sitcom ""Black-ish"" spins off to college with ""Grown-ish"" https://t.co/m9n8QsOHZB https://t.co/cZhYZoKv4J"
297,0.5574,Tue Jan 02 22:55:05 +0000 2018,0.739,0.0,0.261,3,@CNN,This burger company's stock soared after it launched a customer rewards program on blockchain technology… https://t.co/1tHMA0WtBg
298,-0.5267,Tue Jan 02 22:48:03 +0000 2018,0.815,0.185,0.0,3,@CNN,YouTube says social media star Logan Paul violated its policies for posting for a gruesome video… https://t.co/aSZfIHihN2
299,-0.6249,Wed Jan 03 09:47:29 +0000 2018,0.796,0.204,0.0,4,@Fox,“The journey towards understanding structural racism still requires people of color to prioritize white feelings. E… https://t.co/HPQTbKBsHs
300,-0.765,Wed Jan 03 09:07:52 +0000 2018,0.708,0.292,0.0,4,@Fox,@danrubin I saw :( I hate when people don’t follow the instructions about approaching and feeding animals. You can… https://t.co/1MrY0pjqMC
301,0.0,Wed Jan 03 08:50:05 +0000 2018,1.0,0.0,0.0,4,@Fox,@danrubin I cannot believe how close you got. Is this in Warrandyte?
302,0.8555,Wed Jan 03 08:03:56 +0000 2018,0.591,0.0,0.409,4,@Fox,"@adambrenecki That’s a good suggestion. I’ve found a few, just don’t want to offer sweets only for breakfast :) See… https://t.co/IOqVnvqgpj"
303,-0.34,Wed Jan 03 07:53:25 +0000 2018,0.876,0.124,0.0,4,@Fox,"@adambrenecki Unfortunately, we’ve done bagels in the past and they don’t do gluten-free. So we’re seeking somethin… https://t.co/XrB16efaif"
304,0.68,Wed Jan 03 07:52:42 +0000 2018,0.349,0.0,0.651,4,@Fox,"@rachelandrew Thank you, that’s helpful!"
305,0.7783,Wed Jan 03 07:39:16 +0000 2018,0.714,0.0,0.286,4,@Fox,Hey friends. We’re trying to figure out delicious catering options for breakfast for coeliacs and people with glute… https://t.co/TwigkHc1Dx
306,0.0,Wed Jan 03 06:38:28 +0000 2018,1.0,0.0,0.0,4,@Fox,RT @angsebastiana: Twitter HQ tonight https://t.co/2XxcFJpt2I
307,0.8126,Wed Jan 03 01:11:28 +0000 2018,0.739,0.0,0.261,4,@Fox,"Best lesson of 2017 was that I don’t have to reply to all emails or tweets sent to me. 

What a real blessing that was."
308,-0.296,Wed Jan 03 01:08:37 +0000 2018,0.845,0.155,0.0,4,@Fox,"Don’t tell me there are no other speakers than white men. ??

https://t.co/4x7qi7H6nw"
309,0.8357,Wed Jan 03 00:29:19 +0000 2018,0.586,0.0,0.414,4,@Fox,@mialoira Agree. I don’t really want people pleading for a free pass. But I’d like to understand their circumstance… https://t.co/cqy6lxiq6f
310,0.1901,Wed Jan 03 00:27:22 +0000 2018,0.916,0.0,0.084,4,@Fox,"@mialoira I think it’s something I’d like to write about. A lot of moving parts, but I think setting criteria, or e… https://t.co/bH2YQgAPn4"
311,0.0,Wed Jan 03 00:16:53 +0000 2018,1.0,0.0,0.0,4,@Fox,@mialoira I feel really unqualified approaching this subject as we only have scraps of information + research peopl… https://t.co/r8YAFTyvaG
312,0.0,Wed Jan 03 00:15:45 +0000 2018,1.0,0.0,0.0,4,@Fox,@mialoira I’d say the criteria is 1) maximising impact it can have on their life and career and 2) bringing in seve… https://t.co/jMmkvhMl5j
313,0.6486,Wed Jan 03 00:14:47 +0000 2018,0.791,0.0,0.209,4,@Fox,@mialoira I’m still trying to work it out. To be completely frank I don’t feel good about giving tickets to white w… https://t.co/CzWr2v2ArW
314,0.0,Tue Jan 02 23:51:24 +0000 2018,1.0,0.0,0.0,4,@Fox,Reading through dozens of scholarship applications for conferences and deciding which ones are “most worthy” or mos… https://t.co/W5IPlrT1kh
315,0.6249,Tue Jan 02 23:48:14 +0000 2018,0.494,0.0,0.506,4,@Fox,@sara_ann_marie such a great book ??
316,0.5719,Tue Jan 02 20:32:18 +0000 2018,0.448,0.0,0.552,4,@Fox,@mherych @whitecoatcapxg is excellent.
317,0.0,Tue Jan 02 09:49:05 +0000 2018,1.0,0.0,0.0,4,@Fox,"Listen to this, my dudes. https://t.co/nFtRzXeiQl"
318,-0.7906,Tue Jan 02 09:47:22 +0000 2018,0.619,0.381,0.0,4,@Fox,"Just inhaled @sara_ann_marie’s “Technically Wrong: sexist apps, biased algorithms and other threats of toxic tech”.… https://t.co/UNO2pX3ssa"
319,0.4939,Tue Jan 02 08:59:08 +0000 2018,0.862,0.0,0.138,4,@Fox,“Founders believe so deeply in their own vision—and have been rewarded for it for so long—that they don’t realize h… https://t.co/q1RThxKP5Q
320,0.0,Tue Jan 02 07:07:43 +0000 2018,1.0,0.0,0.0,4,@Fox,9) Organisers have the power to set tone for community culture. Doing nothing is subscribing to the toxicity of the… https://t.co/io4RM92n5M
321,0.9337,Tue Jan 02 06:51:23 +0000 2018,0.53,0.0,0.47,4,@Fox,"8) I don’t care what event it is; profit, not for profit, which tech—if you don’t care about inclusion YOU ARE COMP… https://t.co/8AJQ2gZSl5"
322,-0.6124,Tue Jan 02 06:48:36 +0000 2018,0.583,0.417,0.0,4,@Fox,"Motto for 2018: zero fucks, million blocks to give. 

?"
323,0.3182,Tue Jan 02 05:26:44 +0000 2018,0.887,0.0,0.113,4,@Fox,Retweet if you didn’t apply for a tech conference because the already announced lineup was full of prominent speake… https://t.co/4D3DumyhBF
324,0.5707,Tue Jan 02 05:23:47 +0000 2018,0.73,0.0,0.27,4,@Fox,"RT @ekp: 2018 goals (thanks for the keychain inspiration, @triketora!) https://t.co/HEvF3uEz86"
325,-0.5423,Tue Jan 02 05:17:13 +0000 2018,0.844,0.156,0.0,4,@Fox,"@auchenberg You mean it’s bad to focus on inclusion and diversity that’s so lacking in the tech industry? 

Confere… https://t.co/N7C1lYxkLA"
326,0.4199,Tue Jan 02 05:15:26 +0000 2018,0.518,0.0,0.482,4,@Fox,"@superlinguo Thank you, Lauren!"
327,0.1901,Tue Jan 02 05:14:11 +0000 2018,0.907,0.0,0.093,4,@Fox,"@skimbrel @northbaypython I agree, but a lot of them have a long way to go. I don’t quantify requirements, but poin… https://t.co/cux44EuV1i"
328,-0.9382,Tue Jan 02 05:04:20 +0000 2018,0.491,0.509,0.0,4,@Fox,"RT @TraceeEllisRoss: #TIMESUP on abuse, harassment, &amp; assault. #TIMESUP on oppression &amp; marginalization. #TIMESUP on misrepresentation &amp; un…"
329,-0.6369,Tue Jan 02 04:45:54 +0000 2018,0.714,0.286,0.0,4,@Fox,"7) Stop rejecting ""non-technical"" talks. Presentations on ethics, culture, communication, mental health &amp; inclusion… https://t.co/sH9YQrJC77"
330,0.0,Tue Jan 02 04:42:46 +0000 2018,1.0,0.0,0.0,4,@Fox,6) Don’t be a speaker at your own conferences (do I really have to say this?). Don’t have committee members present… https://t.co/hxyuthZ56R
331,0.6486,Tue Jan 02 04:41:55 +0000 2018,0.773,0.0,0.227,4,@Fox,5) Push sponsors for scholarship tickets. They will agree more often than you think. Run an opportunity program for… https://t.co/MeGYfojq6d
332,0.0772,Tue Jan 02 04:39:58 +0000 2018,0.803,0.092,0.104,4,@Fox,"4) Be crystal clear about the Call for Speakers process: how to apply, deadlines, what you get as a speaker. Lack o… https://t.co/a2966OpE68"
333,0.0,Tue Jan 02 04:38:26 +0000 2018,1.0,0.0,0.0,4,@Fox,"3) Make your event as accessible as possible. Often it doesn’t cost much. Invest in transcription, dietary requirem… https://t.co/yh3YTZHnjl"
334,0.4678,Tue Jan 02 04:36:40 +0000 2018,0.704,0.073,0.223,4,@Fox,"2) For the love of everything, STOP INVITING THE SAME PEOPLE OVER AND OVER. It’s fine to have a curated event but s… https://t.co/DoTyERhhPz"
335,-0.3612,Tue Jan 02 04:34:29 +0000 2018,0.872,0.128,0.0,4,@Fox,1) Don’t mindlessly copy-paste a ready-made Code of Conduct. It’s lazy and lacking in enforcement practices. It mig… https://t.co/OdxyPbhM1I
336,0.3612,Tue Jan 02 04:33:19 +0000 2018,0.815,0.0,0.185,4,@Fox,"Hey, tech conference organisers, I have a few New Year’s resolutions ready for you."
337,0.4767,Tue Jan 02 03:41:52 +0000 2018,0.819,0.0,0.181,4,@Fox,@anildash Have to relocate yourself and the Glitch office to Australia for a permanent mango fiesta.
338,0.0,Tue Jan 02 03:40:54 +0000 2018,1.0,0.0,0.0,4,@Fox,"@CodeClubAus Hey, our conference is about JavaScript, not Java. Very different subjects.

The applications for the… https://t.co/JvulL1jLuV"
339,-0.079,Tue Jan 02 00:55:03 +0000 2018,0.615,0.229,0.156,4,@Fox,"More like drenched in sexist tech bros with no ethics tears, am I right. https://t.co/UnuoGPl4am"
340,0.836,Sat Dec 30 21:28:52 +0000 2017,0.681,0.0,0.319,4,@Fox,@koste4 @Sareh88 I agree. We try to make it as encouraging as possible to welcome the biggest pool of people we can… https://t.co/9W1VPdz0uc
341,-0.5058,Sat Dec 30 08:01:06 +0000 2017,0.765,0.177,0.058,4,@Fox,RT @tiffani: I really want tech bros to stop being so sensitive. People disagreeing with you is not you being “attacked”. Can y’all work on…
342,0.7964,Sat Dec 30 05:56:17 +0000 2017,0.701,0.0,0.299,4,@Fox,"Look, some people party during the holiday season, I clean my pantry and go deep into the rabbit hole of kitchenware purchases. ????"
343,0.0,Sat Dec 30 05:55:55 +0000 2017,1.0,0.0,0.0,4,@Fox,@jiggy_pete We’ve got a few applications that are white men working at Fortune 500 companies. That doesn’t mean the… https://t.co/f7xrO0tv2P
344,-0.128,Sat Dec 30 04:58:05 +0000 2017,0.927,0.073,0.0,4,@Fox,"Each time, I can’t fathom if those men just don’t read the scholarship requirements, are cocky enough or believe sc… https://t.co/uhyS1cX2Yf"
345,0.0,Sat Dec 30 04:56:13 +0000 2017,1.0,0.0,0.0,4,@Fox,Every year when running a conference scholarship program I find myself reading too many applications from white men… https://t.co/GdcPeaS0EM
346,0.6444,Sat Dec 30 04:44:24 +0000 2017,0.807,0.0,0.193,4,@Fox,"In 2018 I’d like to meet more rad ladies in Melbourne, so if you’re keen for tea, coffee or anything else, holler h… https://t.co/wwleKtP7VV"
347,0.3612,Sat Dec 30 01:24:39 +0000 2017,0.545,0.0,0.455,4,@Fox,"@nebrius Thank you, Bryan ?"
348,-0.9497,Sat Dec 30 01:18:56 +0000 2017,0.403,0.597,0.0,4,@Fox,"RT @aprilwensel: Deadline pressure?

Fear of failure and shame?

Trouble negotiating trade-offs?

These problems aren't inherent to coding.…"
349,0.0,Fri Dec 29 23:05:48 +0000 2017,1.0,0.0,0.0,4,@Fox,"RT @sw: I wrote a thing for @wired. When Tech designs for Maslow's hierarchy of needs (and the whole industry cites it), we hit a local max…"
350,-0.8676,Fri Dec 29 08:55:30 +0000 2017,0.589,0.411,0.0,4,@Fox,"Community work has been largely unrewarding, highly stressful and exhausting. I’ve neglected skills that are actual… https://t.co/YWxe4o9XFO"
351,-0.2183,Fri Dec 29 08:50:25 +0000 2017,0.911,0.089,0.0,4,@Fox,This hits home so hard. I’ve been having the same thoughts. I’m considering stepping down from organizing and commu… https://t.co/xmPX8SeP1t
352,-0.7224,Fri Dec 29 07:46:57 +0000 2017,0.599,0.318,0.083,4,@Fox,"RT @HERTWEETX: My anxiety: somethings off
Me: how so?
Anxiety: somethings wrong
Me: what
Anxiety: something
Me: like can you give me a gene…"
353,-0.4588,Fri Dec 29 07:02:25 +0000 2017,0.857,0.143,0.0,4,@Fox,"If you’re an organiser rejecting proposals on the exclusionary state of the tech industry and community, you’re tur… https://t.co/ICO8v3W8r8"
354,-0.7096,Fri Dec 29 06:59:47 +0000 2017,0.718,0.282,0.0,4,@Fox,"Conferences avoiding having speakers on topics of harassment, diversity, inclusion and ethics are complicit in perp… https://t.co/4gqyQx7B2Y"
355,0.0,Fri Dec 29 05:58:58 +0000 2017,1.0,0.0,0.0,4,@Fox,"We’re aiming to send 50 members of underrepresented groups to @JSConfAU and @cssconfau (excluding travel), but we n… https://t.co/f7hmzrTROy"
356,0.0516,Fri Dec 29 05:12:25 +0000 2017,0.773,0.109,0.118,4,@Fox,"Every single word in this article by @sw is pure fire. Tech leaders—listen and act.

“Without thoughtful considerat… https://t.co/wJJkO9RX8C"
357,-0.2869,Fri Dec 29 04:58:37 +0000 2017,0.698,0.302,0.0,4,@Fox,"@benschwarz @toolmantim @lox LATTE???????

Leave, Tim."
358,-0.3612,Thu Dec 28 23:42:51 +0000 2017,0.894,0.106,0.0,4,@Fox,@lox These can be difficult. I usually look at Foursquare and Broadsheet as they have guides for out of town and no… https://t.co/WvEuodaCeW
359,0.4926,Thu Dec 28 23:40:46 +0000 2017,0.687,0.0,0.313,4,@Fox,"@lox Easy, it’s Foursquare and Kazza’s insider tips!"
360,0.0,Thu Dec 28 22:26:39 +0000 2017,1.0,0.0,0.0,4,@Fox,@jllord you’re going to rock it! ?
361,0.0,Thu Dec 28 20:22:13 +0000 2017,1.0,0.0,0.0,4,@Fox,RT @choitotheworld: Dudes: If you consider yourself a feminist and an ally and if your heart goes out to all the women who have been abused…
362,0.296,Thu Dec 28 10:25:26 +0000 2017,0.732,0.089,0.179,4,@Fox,"RT @alicegoldfuss: Two statements that are both true:

- Tech industry titles are non-standardized and offer no solid proof of experience o…"
363,0.4215,Thu Dec 28 06:18:02 +0000 2017,0.741,0.0,0.259,4,@Fox,ICYMI: inclusion has to be proactive and intersectional. https://t.co/RSwXC9amEN
364,0.7346,Thu Dec 28 05:03:09 +0000 2017,0.392,0.0,0.608,4,@Fox,"@madalynrose Thank you, that’s very kind ?"
365,0.9254,Thu Dec 28 03:38:47 +0000 2017,0.527,0.0,0.473,4,@Fox,"@andymcmillan Thanks Andy ? Trying to make a habit of reflecting on wins, it really helps to celebrate the accompli… https://t.co/4NZrzdOOob"
366,-0.3818,Thu Dec 28 03:33:41 +0000 2017,0.89,0.11,0.0,4,@Fox,“The message misogynists have gotten from other men is one where they can be publicly hostile to women and still su… https://t.co/2aDLzq6Kjg
367,0.0516,Thu Dec 28 03:22:40 +0000 2017,0.759,0.116,0.125,4,@Fox,"“The stories of discrimination and abuse are being told, but leaders are not taking responsibility for creating a c… https://t.co/NevhhwE4Pm"
368,0.4215,Thu Dec 28 03:17:33 +0000 2017,0.833,0.0,0.167,4,@Fox,"I thought it’d be nice to reflect on the past year—hardships, accomplishments and what’s next.

https://t.co/O0PTla4Ryz"
369,0.7693,Thu Dec 28 01:12:07 +0000 2017,0.74,0.0,0.26,4,@Fox,"A few of those books are already on my list, happy to add even more. Read and support women of color. https://t.co/UCqXLqOQEr"
370,0.0,Thu Dec 28 00:42:25 +0000 2017,1.0,0.0,0.0,4,@Fox,Yet another proof Twitter sides with the Nazis. https://t.co/XXQWKZfZ6A
371,0.9153,Wed Dec 27 23:24:54 +0000 2017,0.521,0.0,0.479,4,@Fox,"RT @heathercmiller: ? Agree.

Top predictors of success in tech: 
- Be on a team where you feel safe
- Good communication/openness

Ego = b…"
372,0.0,Wed Dec 27 23:24:32 +0000 2017,1.0,0.0,0.0,4,@Fox,"RT @ZJemptv: Jesus christ, toxic masculinity https://t.co/rPQzkV4DaK"
373,0.0,Wed Dec 27 21:22:27 +0000 2017,1.0,0.0,0.0,4,@Fox,RT @KimCrayton1: This illustrates the differences between being underrepresented in tech AND being both underrepresented &amp; marginalized in…
374,0.7644,Wed Dec 27 09:20:28 +0000 2017,0.721,0.0,0.279,4,@Fox,"RT @jsconfeu: ~10 mins until our last batch of early-priced tickets goes on sale. Happy holidays everybody! ? https://t.co/DpM4fFqgy3 

P.S…"
375,0.0,Wed Dec 27 08:43:39 +0000 2017,1.0,0.0,0.0,4,@Fox,@rachelandrew ????
376,0.0,Wed Dec 27 06:47:52 +0000 2017,1.0,0.0,0.0,4,@Fox,@ikasliwal you can email team@cssconf.com.au
377,0.0,Wed Dec 27 05:16:10 +0000 2017,1.0,0.0,0.0,4,@Fox,"Our first @cssconfau speakers are @broccolini, @IvanaMcConnell and @DavidKPiano!

Read about their work, hobbies an… https://t.co/OaRNHE2nAL"
378,-0.4404,Wed Dec 27 01:24:11 +0000 2017,0.256,0.744,0.0,4,@Fox,"@cczona I tired

?"
379,0.8176,Wed Dec 27 00:16:22 +0000 2017,0.651,0.0,0.349,4,@Fox,"This is a lovely way to celebrate ? #2017Success.

• Spoken at @frontendconfch &amp; @nordicjs
• Started a Patreon for… https://t.co/s4gakFnlT5"
380,0.0,Tue Dec 26 23:06:14 +0000 2017,1.0,0.0,0.0,4,@Fox,"We’ve just finalised our lineup for CSSConf AU. All I can say for now:

? 9 speakers
? 4 countries
? 66% women

https://t.co/YAPGLfsWnS"
381,0.0,Tue Dec 26 22:29:11 +0000 2017,1.0,0.0,0.0,4,@Fox,"RT @jsconfeu: With 2017 coming to an end, so will our early ticket sales. – ?Final? early tickets are on sale tomorrow 10am CET! 

PS: Comb…"
382,0.4199,Tue Dec 26 22:18:12 +0000 2017,0.843,0.0,0.157,4,@Fox,"@mbrianaepler Hah, thank you! It’s a lot of reading, educating myself plus copying what others are doing."
383,0.6249,Tue Dec 26 22:04:13 +0000 2017,0.823,0.0,0.177,4,@Fox,"@mbrianaepler All of those things are great (we do them too). 

The CoC lacks contact information, a way of reporti… https://t.co/3e941TTNdL"
384,0.6369,Tue Dec 26 21:58:25 +0000 2017,0.625,0.0,0.375,4,@Fox,Didn’t read Twitter for 4 days. It was glorious.
385,-0.4404,Tue Dec 26 02:14:12 +0000 2017,0.854,0.146,0.0,4,@Fox,"@mbrianaepler I’d kinda expect more of this Code of Conduct than to just be a copy-paste :( https://t.co/RZiVVbq34d

https://t.co/ThkIjV5euO"
386,0.3612,Sat Dec 23 11:22:48 +0000 2017,0.545,0.0,0.455,4,@Fox,"@smashingmag Thank you, Vitaly ?"
387,0.0,Sat Dec 23 07:50:56 +0000 2017,1.0,0.0,0.0,4,@Fox,"@ericjduran In Poland is very closely tied, since it’s an extremely catholic country."
388,0.7073,Sat Dec 23 07:28:18 +0000 2017,0.787,0.0,0.213,4,@Fox,"Find me vibing to this great Christmas playlist on Spotify for the next few days. https://t.co/bzH2a8HgJ8

(I’m not… https://t.co/wMgVTxECJs"
389,-0.7783,Sat Dec 23 06:30:57 +0000 2017,0.702,0.298,0.0,4,@Fox,“Sexual harassment is a systemic cultural failure where men are repeatedly given a pass when they don’t deserve one… https://t.co/ZpraZUKpV2
390,0.0258,Sat Dec 23 06:26:12 +0000 2017,0.948,0.0,0.052,4,@Fox,"@benschwarz I must say:

1) holy moly, it’s *SO* fast
2) the notch doesn’t matter
3) Face ID is really impressive,… https://t.co/fh6n1PQo7C"
391,-0.4939,Sat Dec 23 06:24:25 +0000 2017,0.572,0.262,0.166,4,@Fox,"Pretty sure @benschwarz either is trying to spoil me, or he was sick of my whining about how bad my iPhone 6 was si… https://t.co/8UwJAU4BXQ"
392,0.7178,Sat Dec 23 06:04:30 +0000 2017,0.647,0.0,0.353,4,@Fox,RT @DanaSchwartzzz: very impressed by their commitment to diversity by including a redhead https://t.co/Be6oM1zcu9
393,0.6697,Sat Dec 23 03:02:54 +0000 2017,0.609,0.11,0.281,4,@Fox,"@cczona Wow, that’s very generous. Doesn’t paying people carry visa implications though? That’s my only worry with our events."
394,-0.3919,Sat Dec 23 01:37:29 +0000 2017,0.575,0.267,0.158,4,@Fox,"Sorry to break this to you but whiteness isn’t diversity. White, privileged feminism has to die. https://t.co/0jhhI4dtZ8"
395,0.0,Sat Dec 23 01:35:57 +0000 2017,1.0,0.0,0.0,4,@Fox,"RT @aprilwensel: You are so much more than any given ""job.""

From the Prologue to Fred Kofman's Conscious Business: https://t.co/pt3H72XAow"
396,0.0,Sat Dec 23 01:35:46 +0000 2017,1.0,0.0,0.0,4,@Fox,RT @OhEmmeG: “Per my last e-mail” is office speak for “bitch can you read”
397,0.8074,Sat Dec 23 01:34:57 +0000 2017,0.659,0.08,0.261,4,@Fox,"RT @cczona: As a spkr who's put 1000s hrs into helping new spkrs succeed &amp; pushing confs to pay spkrs, I'm happy to see $3k spkr pay for n0…"
398,0.0,Sat Dec 23 01:34:08 +0000 2017,1.0,0.0,0.0,4,@Fox,@anildash That time when you had to decide whether to keep what’s on the tape or record over it to watch something… https://t.co/agj5Us8SIx
399,-0.4003,Wed Jan 03 02:28:37 +0000 2018,0.603,0.253,0.145,5,@New York times,For every minute you are angry you lose sixty seconds of happiness. - Ralph Waldo EmersonThis is Tweet #5!
400,0.6996,Wed Jan 03 02:27:37 +0000 2018,0.58,0.0,0.42,5,@New York times,Happiness is a warm puppy. - Charles M. SchulzThis is Tweet #4!
401,0.5983,Wed Jan 03 02:26:37 +0000 2018,0.804,0.0,0.196,5,@New York times,The happiness of your life depends upon the quality of your thoughts. - Marcus AureliusThis is Tweet #3!
402,0.5983,Wed Jan 03 02:25:36 +0000 2018,0.804,0.0,0.196,5,@New York times,The happiness of your life depends upon the quality of your thoughts. - Marcus AureliusThis is Tweet #2!
403,0.7644,Wed Jan 03 02:24:36 +0000 2018,0.742,0.0,0.258,5,@New York times,"Happiness is when what you think, what you say, and what you do are in harmony. - Mahatma GandhiThis is Tweet #1!"
404,0.6114,Wed Jan 03 02:23:35 +0000 2018,0.818,0.0,0.182,5,@New York times,Folks are usually about as happy as they make their minds up to be. - Abraham LincolnThis is Tweet #0!
405,0.0,Wed Jan 03 02:18:39 +0000 2018,1.0,0.0,0.0,5,@New York times,@pallavidonwadba ?
406,0.5204,Wed Jan 03 02:17:01 +0000 2018,0.616,0.0,0.384,5,@New York times,Can't stop. Won't stop. Chatting! This is Tweet #6!
407,0.5204,Wed Jan 03 02:16:01 +0000 2018,0.616,0.0,0.384,5,@New York times,Can't stop. Won't stop. Chatting! This is Tweet #5!
408,0.5204,Wed Jan 03 02:15:00 +0000 2018,0.616,0.0,0.384,5,@New York times,Can't stop. Won't stop. Chatting! This is Tweet #4!
409,0.5204,Wed Jan 03 02:14:00 +0000 2018,0.616,0.0,0.384,5,@New York times,Can't stop. Won't stop. Chatting! This is Tweet #3!
410,0.5204,Wed Jan 03 02:13:00 +0000 2018,0.616,0.0,0.384,5,@New York times,Can't stop. Won't stop. Chatting! This is Tweet #2!
411,0.5204,Wed Jan 03 02:11:59 +0000 2018,0.616,0.0,0.384,5,@New York times,Can't stop. Won't stop. Chatting! This is Tweet #1!
412,0.5204,Wed Jan 03 02:10:59 +0000 2018,0.616,0.0,0.384,5,@New York times,Can't stop. Won't stop. Chatting! This is Tweet #0!
413,0.2023,Wed Jan 03 02:01:30 +0000 2018,0.816,0.0,0.184,5,@New York times,Responding to @princeadego1Glad to know that. Am fine too
414,0.0,Wed Jan 03 02:01:00 +0000 2018,1.0,0.0,0.0,5,@New York times,Responding to @princeadego1how was holidays?Happy New Year
415,0.0,Wed Jan 03 01:24:19 +0000 2018,1.0,0.0,0.0,5,@New York times,Responding to @AiyanaLizMathew
416,0.0,Wed Jan 03 01:24:19 +0000 2018,1.0,0.0,0.0,5,@New York times,Responding to @aswathy1891989
417,0.0,Wed Jan 03 01:24:18 +0000 2018,1.0,0.0,0.0,5,@New York times,Responding to @themasterofdata
418,0.0,Wed Jan 03 01:22:18 +0000 2018,1.0,0.0,0.0,5,@New York times,Responding to AiyanaLizMathew
419,0.0,Wed Jan 03 01:22:18 +0000 2018,1.0,0.0,0.0,5,@New York times,Responding to aswathy1891989
420,0.0,Wed Jan 03 01:22:17 +0000 2018,1.0,0.0,0.0,5,@New York times,Responding to themasterofdata
421,0.0,Wed Jan 03 01:16:44 +0000 2018,1.0,0.0,0.0,5,@New York times,@DaDataBootcamp Hey
422,0.0,Wed Jan 03 00:44:15 +0000 2018,1.0,0.0,0.0,5,@New York times,"edison,usa Maximum Temprature :1 °F on 2018-01-02 18:58:00"
423,0.0,Wed Jan 03 00:40:02 +0000 2018,1.0,0.0,0.0,5,@New York times,"London,uk Maximum Temprature :13 °F on 2018-01-02 19:20:00"
424,0.0,Wed Jan 03 00:37:46 +0000 2018,1.0,0.0,0.0,5,@New York times,"London,uk Maximum Temprature :13 on 2018-01-02 19:20:00"
425,0.875,Wed Jan 03 00:33:26 +0000 2018,0.667,0.0,0.333,5,@New York times,"Happiness is when what you think, what you say, and what you do are in harmony. - Mahatma Gandhi Happy Quotes #14 from program"
426,0.8481,Wed Jan 03 00:32:26 +0000 2018,0.495,0.0,0.505,5,@New York times,Happiness is a warm puppy. - Charles M. Schulz Happy Quotes #13 from program
427,0.8074,Wed Jan 03 00:31:26 +0000 2018,0.7,0.0,0.3,5,@New York times,The happiness of your life depends upon the quality of your thoughts. - Marcus Aurelius Happy Quotes #12 from program
428,0.8902,Wed Jan 03 00:30:25 +0000 2018,0.595,0.0,0.405,5,@New York times,"Count your age by friends, not years. Count your life by smiles, not tears. - John Lennon Happy Quotes #11 from program"
429,0.875,Wed Jan 03 00:27:24 +0000 2018,0.667,0.0,0.333,5,@New York times,"Happiness is when what you think, what you say, and what you do are in harmony. - Mahatma Gandhi Happy Quotes #8 from program"
430,0.8481,Wed Jan 03 00:20:21 +0000 2018,0.495,0.0,0.505,5,@New York times,Happiness is a warm puppy. - Charles M. Schulz Happy Quotes #1 from program
431,0.0,Fri Dec 22 14:06:33 +0000 2017,1.0,0.0,0.0,5,@New York times,"RT @Ronald_vanLoon: The future #Transport
via @chboursin @FastDevelopment |

#InternetofThings #IoT #SmartCity #SmartCar #Drone #Technology…"
432,0.0,Fri Dec 22 02:05:44 +0000 2017,1.0,0.0,0.0,5,@New York times,"RT @ML_NLP: Deep Learning, Language and Cognition: Video of an introductory talk on computational linguistics for a broad audience—from han…"
433,0.0,Fri Dec 22 02:00:36 +0000 2017,1.0,0.0,0.0,5,@New York times,https://t.co/wDhtvvZsUh
434,0.0,Fri Dec 22 02:00:35 +0000 2017,1.0,0.0,0.0,5,@New York times,"Data ,Information, knowledge #tweepy #bigdata"
435,0.0,Fri Dec 22 02:00:35 +0000 2017,1.0,0.0,0.0,5,@New York times,OAuthHandler tweet #tweepy #bigdata
436,0.0,Fri Dec 22 01:46:05 +0000 2017,1.0,0.0,0.0,5,@New York times,Tweeting using tweepy #tweepy #bigdata
